{"version": "1", "message": "ERROR: Hidden Testcases server unreachable.", "problem_id": "cspp1_m10_a1_1", "user_id": "madhavimvh", "score": {"sample": {"0": {"execution_time": 0.10671591758728027, "passed": true}, "1": {"execution_time": 0.04687356948852539, "passed": false}, "2": {"execution_time": 0.04787111282348633, "passed": false}, "3": {"execution_time": 0.04785799980163574, "passed": false}, "4": {"execution_time": 0.04787254333496094, "passed": false}, "5": {"execution_time": 0.04787158966064453, "passed": false}, "6": {"execution_time": 0.047863006591796875, "passed": false}, "7": {"execution_time": 0.04886817932128906, "passed": false}, "8": {"execution_time": 0.047872304916381836, "passed": false}, "9": {"execution_time": 0.04886746406555176, "passed": false}, "10": {"execution_time": 0.04787039756774902, "passed": false}, "11": {"execution_time": 0.048866987228393555, "passed": false}, "12": {"execution_time": 0.04786992073059082, "passed": false}, "13": {"execution_time": 0.04788565635681152, "passed": false}, "14": {"execution_time": 0.04885983467102051, "passed": false}, "15": {"execution_time": 0.048860788345336914, "passed": false}, "16": {"execution_time": 0.04786324501037598, "passed": false}, "17": {"execution_time": 0.04886794090270996, "passed": true}, "18": {"execution_time": 0.04787325859069824, "passed": false}, "19": {"execution_time": 0.04886794090270996, "passed": false}, "20": {"execution_time": 0.04786992073059082, "passed": true}, "21": {"execution_time": 0.04787158966064453, "passed": false}, "22": {"execution_time": 0.04787111282348633, "passed": false}, "23": {"execution_time": 0.04786992073059082, "passed": false}, "24": {"execution_time": 0.04886960983276367, "passed": false}}}, "pylint_score": "-4/10"}