{"version": "1", "message": "ERROR: Hidden Testcases server unreachable.", "problem_id": "cspp1_m10_a1_1", "user_id": "madhavimvh", "score": {"sample": {"0": {"execution_time": 0.09454774856567383, "passed": false}, "1": {"execution_time": 0.04587817192077637, "passed": false}, "2": {"execution_time": 0.04587912559509277, "passed": false}, "3": {"execution_time": 0.046872615814208984, "passed": false}, "4": {"execution_time": 0.04587602615356445, "passed": false}, "5": {"execution_time": 0.04687213897705078, "passed": false}, "6": {"execution_time": 0.04687333106994629, "passed": false}, "7": {"execution_time": 0.04587841033935547, "passed": false}, "8": {"execution_time": 0.04488110542297363, "passed": false}, "9": {"execution_time": 0.045876502990722656, "passed": false}, "10": {"execution_time": 0.04494190216064453, "passed": false}, "11": {"execution_time": 0.045876264572143555, "passed": false}, "12": {"execution_time": 0.04388260841369629, "passed": false}, "13": {"execution_time": 0.04388308525085449, "passed": false}, "14": {"execution_time": 0.047873497009277344, "passed": false}, "15": {"execution_time": 0.04487776756286621, "passed": false}, "16": {"execution_time": 0.04288625717163086, "passed": false}, "17": {"execution_time": 0.04488086700439453, "passed": false}, "18": {"execution_time": 0.0578458309173584, "passed": false}, "19": {"execution_time": 0.048868656158447266, "passed": false}, "20": {"execution_time": 0.04886889457702637, "passed": false}, "21": {"execution_time": 0.04488015174865723, "passed": false}, "22": {"execution_time": 0.044879913330078125, "passed": false}, "23": {"execution_time": 0.04388928413391113, "passed": false}, "24": {"execution_time": 0.04687309265136719, "passed": false}}}, "pylint_score": "-4/10"}