{"version": "1", "message": "ERROR: Hidden Testcases server unreachable.", "problem_id": "cspp1_m10_a1_1", "user_id": "madhavimvh", "score": {"sample": {"0": {"execution_time": 1.173903226852417, "passed": false}, "1": {"execution_time": 0.12666034698486328, "passed": true}, "2": {"execution_time": 0.0837702751159668, "passed": true}, "3": {"execution_time": 0.05684852600097656, "passed": true}, "4": {"execution_time": 0.04687809944152832, "passed": true}, "5": {"execution_time": 0.048868656158447266, "passed": false}, "6": {"execution_time": 0.046890974044799805, "passed": true}, "7": {"execution_time": 0.04787135124206543, "passed": true}, "8": {"execution_time": 0.0498659610748291, "passed": true}, "9": {"execution_time": 0.050862789154052734, "passed": false}, "10": {"execution_time": 0.048868656158447266, "passed": true}, "11": {"execution_time": 0.0498652458190918, "passed": true}, "12": {"execution_time": 0.049867868423461914, "passed": true}, "13": {"execution_time": 0.05186271667480469, "passed": false}, "14": {"execution_time": 0.0488283634185791, "passed": false}, "15": {"execution_time": 0.04986763000488281, "passed": false}, "16": {"execution_time": 0.04986858367919922, "passed": true}, "17": {"execution_time": 0.04787492752075195, "passed": true}, "18": {"execution_time": 0.048868417739868164, "passed": true}, "19": {"execution_time": 0.04986763000488281, "passed": false}, "20": {"execution_time": 0.04986715316772461, "passed": true}, "21": {"execution_time": 0.05787920951843262, "passed": false}, "22": {"execution_time": 0.051828622817993164, "passed": false}, "23": {"execution_time": 0.05086207389831543, "passed": false}, "24": {"execution_time": 0.05185985565185547, "passed": false}}}, "pylint_score": "-4/10"}