{"version": "1", "message": "ERROR: Hidden Testcases server unreachable.", "problem_id": "cspp1_m10_a1_1", "user_id": "madhavimvh", "score": {"sample": {"0": {"execution_time": 0.05585074424743652, "passed": false}, "1": {"execution_time": 0.05086493492126465, "passed": false}, "2": {"execution_time": 0.05186128616333008, "passed": false}, "3": {"execution_time": 0.05984020233154297, "passed": false}, "4": {"execution_time": 0.057845115661621094, "passed": false}, "5": {"execution_time": 0.04986286163330078, "passed": false}, "6": {"execution_time": 0.053855180740356445, "passed": false}, "7": {"execution_time": 0.05385112762451172, "passed": false}, "8": {"execution_time": 0.04986834526062012, "passed": false}, "9": {"execution_time": 0.055850982666015625, "passed": false}, "10": {"execution_time": 0.06283164024353027, "passed": false}, "11": {"execution_time": 0.057843923568725586, "passed": false}, "12": {"execution_time": 0.06283164024353027, "passed": false}, "13": {"execution_time": 0.05385613441467285, "passed": false}, "14": {"execution_time": 0.058841705322265625, "passed": false}, "15": {"execution_time": 0.06582355499267578, "passed": false}, "16": {"execution_time": 0.0578460693359375, "passed": false}, "17": {"execution_time": 0.05684685707092285, "passed": false}, "18": {"execution_time": 0.05784440040588379, "passed": false}, "19": {"execution_time": 0.05585169792175293, "passed": false}, "20": {"execution_time": 0.0468747615814209, "passed": false}, "21": {"execution_time": 0.05186152458190918, "passed": false}, "22": {"execution_time": 0.06781816482543945, "passed": false}, "23": {"execution_time": 0.053858280181884766, "passed": false}, "24": {"execution_time": 0.050861358642578125, "passed": false}}}, "pylint_score": "-4/10"}