{"version": "1", "message": "ERROR: Hidden Testcases server unreachable.", "problem_id": "cspp1_m10_a1_1", "user_id": "madhavimvh", "score": {"sample": {"0": {"execution_time": 0.04793357849121094, "passed": false}, "1": {"execution_time": 0.047928571701049805, "passed": true}, "2": {"execution_time": 0.0469667911529541, "passed": true}, "3": {"execution_time": 0.04488730430603027, "passed": true}, "4": {"execution_time": 0.04787182807922363, "passed": true}, "5": {"execution_time": 0.04487919807434082, "passed": false}, "6": {"execution_time": 0.05285835266113281, "passed": true}, "7": {"execution_time": 0.05884099006652832, "passed": true}, "8": {"execution_time": 0.04886889457702637, "passed": true}, "9": {"execution_time": 0.045876502990722656, "passed": false}, "10": {"execution_time": 0.04587674140930176, "passed": true}, "11": {"execution_time": 0.04488039016723633, "passed": true}, "12": {"execution_time": 0.04787254333496094, "passed": true}, "13": {"execution_time": 0.049868106842041016, "passed": false}, "14": {"execution_time": 0.04588174819946289, "passed": false}, "15": {"execution_time": 0.04587674140930176, "passed": false}, "16": {"execution_time": 0.054854393005371094, "passed": false}, "17": {"execution_time": 0.051862239837646484, "passed": false}, "18": {"execution_time": 0.04487943649291992, "passed": false}, "19": {"execution_time": 0.04687380790710449, "passed": false}, "20": {"execution_time": 0.04488730430603027, "passed": false}, "21": {"execution_time": 0.04586911201477051, "passed": false}, "22": {"execution_time": 0.049835205078125, "passed": false}, "23": {"execution_time": 0.04987525939941406, "passed": false}, "24": {"execution_time": 0.046872854232788086, "passed": false}}}, "pylint_score": "-4/10"}