{"version": "1", "message": "ERROR: Hidden Testcases server unreachable.", "problem_id": "cspp1_m10_a1_1", "user_id": "madhavimvh", "score": {"sample": {"0": {"execution_time": 0.08005952835083008, "passed": false}, "1": {"execution_time": 0.04886794090270996, "passed": false}, "2": {"execution_time": 0.04587697982788086, "passed": false}, "3": {"execution_time": 0.04587912559509277, "passed": false}, "4": {"execution_time": 0.04587125778198242, "passed": false}, "5": {"execution_time": 0.04593253135681152, "passed": false}, "6": {"execution_time": 0.0857686996459961, "passed": false}, "7": {"execution_time": 0.07380223274230957, "passed": false}, "8": {"execution_time": 0.06482648849487305, "passed": false}, "9": {"execution_time": 0.05784463882446289, "passed": false}, "10": {"execution_time": 0.05385422706604004, "passed": false}, "11": {"execution_time": 0.059839487075805664, "passed": false}, "12": {"execution_time": 0.0608372688293457, "passed": false}, "13": {"execution_time": 0.06083846092224121, "passed": false}, "14": {"execution_time": 0.06283235549926758, "passed": false}, "15": {"execution_time": 0.05286049842834473, "passed": false}, "16": {"execution_time": 0.04487800598144531, "passed": false}, "17": {"execution_time": 0.04388427734375, "passed": false}, "18": {"execution_time": 0.04487919807434082, "passed": false}, "19": {"execution_time": 0.04688429832458496, "passed": false}, "20": {"execution_time": 0.046874284744262695, "passed": false}, "21": {"execution_time": 0.04787015914916992, "passed": false}, "22": {"execution_time": 0.04787325859069824, "passed": false}, "23": {"execution_time": 0.04697680473327637, "passed": false}, "24": {"execution_time": 0.04786396026611328, "passed": false}}}, "pylint_score": "-3/10"}