{"version": "1", "message": "ERROR: Hidden Testcases server unreachable.", "problem_id": "cspp1_m10_a1_1", "user_id": "madhavimvh", "score": {"sample": {"0": {"execution_time": 0.07221269607543945, "passed": false}, "1": {"execution_time": 0.045877695083618164, "passed": false}, "2": {"execution_time": 0.04886913299560547, "passed": false}, "3": {"execution_time": 0.047879934310913086, "passed": false}, "4": {"execution_time": 0.04686427116394043, "passed": false}, "5": {"execution_time": 0.04786872863769531, "passed": false}, "6": {"execution_time": 0.04686117172241211, "passed": false}, "7": {"execution_time": 0.0468745231628418, "passed": false}, "8": {"execution_time": 0.0528566837310791, "passed": false}, "9": {"execution_time": 0.0468754768371582, "passed": false}, "10": {"execution_time": 0.04388284683227539, "passed": false}, "11": {"execution_time": 0.04288506507873535, "passed": false}, "12": {"execution_time": 0.04488062858581543, "passed": false}, "13": {"execution_time": 0.049866437911987305, "passed": false}, "14": {"execution_time": 0.04587674140930176, "passed": false}, "15": {"execution_time": 0.05186128616333008, "passed": false}, "16": {"execution_time": 0.061833858489990234, "passed": false}, "17": {"execution_time": 0.04687356948852539, "passed": false}, "18": {"execution_time": 0.04388093948364258, "passed": false}, "19": {"execution_time": 0.04487943649291992, "passed": false}, "20": {"execution_time": 0.043869972229003906, "passed": false}, "21": {"execution_time": 0.04488086700439453, "passed": false}, "22": {"execution_time": 0.04787158966064453, "passed": false}, "23": {"execution_time": 0.04589223861694336, "passed": false}, "24": {"execution_time": 0.045879364013671875, "passed": false}}}, "pylint_score": "-4/10"}