{"version": "1", "message": "ERROR: Hidden Testcases server unreachable.", "problem_id": "cspp1_m10_a1_1", "user_id": "madhavimvh", "score": {"sample": {"0": {"execution_time": 0.07460951805114746, "passed": false}, "1": {"execution_time": 0.047873497009277344, "passed": true}, "2": {"execution_time": 0.04787397384643555, "passed": true}, "3": {"execution_time": 0.04886889457702637, "passed": false}, "4": {"execution_time": 0.05286002159118652, "passed": true}, "5": {"execution_time": 0.05485248565673828, "passed": false}, "6": {"execution_time": 0.054932594299316406, "passed": true}, "7": {"execution_time": 0.046875, "passed": false}, "8": {"execution_time": 0.0498661994934082, "passed": false}, "9": {"execution_time": 0.04587745666503906, "passed": false}, "10": {"execution_time": 0.044881582260131836, "passed": true}, "11": {"execution_time": 0.04388165473937988, "passed": true}, "12": {"execution_time": 0.0638277530670166, "passed": false}, "13": {"execution_time": 0.0478670597076416, "passed": false}, "14": {"execution_time": 0.04488015174865723, "passed": false}, "15": {"execution_time": 0.04787397384643555, "passed": false}, "16": {"execution_time": 0.045877695083618164, "passed": false}, "17": {"execution_time": 0.041889190673828125, "passed": false}, "18": {"execution_time": 0.04587864875793457, "passed": false}, "19": {"execution_time": 0.04587435722351074, "passed": false}, "20": {"execution_time": 0.04388427734375, "passed": false}, "21": {"execution_time": 0.04587864875793457, "passed": false}, "22": {"execution_time": 0.045945167541503906, "passed": false}, "23": {"execution_time": 0.04488086700439453, "passed": false}, "24": {"execution_time": 0.04488086700439453, "passed": false}}}, "pylint_score": "-3/10"}