{"version": "1", "message": "ERROR: Hidden Testcases server unreachable.", "problem_id": "cspp1_m10_a1_1", "user_id": "madhavimvh", "score": {"sample": {"0": {"execution_time": 0.04793071746826172, "passed": false}, "1": {"execution_time": 0.04488635063171387, "passed": false}, "2": {"execution_time": 0.044847726821899414, "passed": false}, "3": {"execution_time": 0.04488015174865723, "passed": false}, "4": {"execution_time": 0.044879913330078125, "passed": false}, "5": {"execution_time": 0.04684615135192871, "passed": false}, "6": {"execution_time": 0.04593658447265625, "passed": false}, "7": {"execution_time": 0.04584336280822754, "passed": false}, "8": {"execution_time": 0.04587697982788086, "passed": false}, "9": {"execution_time": 0.04488015174865723, "passed": false}, "10": {"execution_time": 0.045876502990722656, "passed": false}, "11": {"execution_time": 0.04487943649291992, "passed": false}, "12": {"execution_time": 0.04687356948852539, "passed": false}, "13": {"execution_time": 0.04687380790710449, "passed": false}, "14": {"execution_time": 0.04683732986450195, "passed": false}, "15": {"execution_time": 0.05186152458190918, "passed": false}, "16": {"execution_time": 0.04787278175354004, "passed": false}, "17": {"execution_time": 0.0438838005065918, "passed": false}, "18": {"execution_time": 0.04492974281311035, "passed": false}, "19": {"execution_time": 0.045850515365600586, "passed": false}, "20": {"execution_time": 0.04494023323059082, "passed": false}, "21": {"execution_time": 0.04694819450378418, "passed": false}, "22": {"execution_time": 0.04587864875793457, "passed": false}, "23": {"execution_time": 0.04589343070983887, "passed": false}, "24": {"execution_time": 0.045937538146972656, "passed": false}}}, "pylint_score": "-4/10"}