{"version": "1", "message": "ERROR: Hidden Testcases server unreachable.", "problem_id": "cspp1_m10_a1_1", "user_id": "madhavimvh", "score": {"sample": {"0": {"execution_time": 0.051824331283569336, "passed": false}, "1": {"execution_time": 0.04787302017211914, "passed": true}, "2": {"execution_time": 0.04487776756286621, "passed": true}, "3": {"execution_time": 0.04588031768798828, "passed": true}, "4": {"execution_time": 0.04687356948852539, "passed": true}, "5": {"execution_time": 0.05086398124694824, "passed": false}, "6": {"execution_time": 0.051862478256225586, "passed": true}, "7": {"execution_time": 0.053855180740356445, "passed": true}, "8": {"execution_time": 0.045874834060668945, "passed": true}, "9": {"execution_time": 0.047872066497802734, "passed": false}, "10": {"execution_time": 0.049866437911987305, "passed": true}, "11": {"execution_time": 0.04787135124206543, "passed": true}, "12": {"execution_time": 0.04594230651855469, "passed": true}, "13": {"execution_time": 0.04687619209289551, "passed": false}, "14": {"execution_time": 0.04588603973388672, "passed": false}, "15": {"execution_time": 0.046872854232788086, "passed": false}, "16": {"execution_time": 0.04687356948852539, "passed": true}, "17": {"execution_time": 0.047866106033325195, "passed": false}, "18": {"execution_time": 0.05585074424743652, "passed": true}, "19": {"execution_time": 0.0558476448059082, "passed": false}, "20": {"execution_time": 0.0488736629486084, "passed": false}, "21": {"execution_time": 0.048839569091796875, "passed": false}, "22": {"execution_time": 0.048867225646972656, "passed": false}, "23": {"execution_time": 0.04787302017211914, "passed": false}, "24": {"execution_time": 0.04983878135681152, "passed": false}}}, "pylint_score": "-4/10"}