{"version": "1", "message": "ERROR: Hidden Testcases server unreachable.", "problem_id": "cspp1_m10_a1_1", "user_id": "madhavimvh", "score": {"sample": {"0": {"execution_time": 0.11422610282897949, "passed": false}, "1": {"execution_time": 0.0498661994934082, "passed": false}, "2": {"execution_time": 0.049834489822387695, "passed": true}, "3": {"execution_time": 0.04986715316772461, "passed": true}, "4": {"execution_time": 0.05186128616333008, "passed": true}, "5": {"execution_time": 0.04883742332458496, "passed": false}, "6": {"execution_time": 0.04887032508850098, "passed": true}, "7": {"execution_time": 0.052860260009765625, "passed": false}, "8": {"execution_time": 0.0468754768371582, "passed": false}, "9": {"execution_time": 0.04691457748413086, "passed": false}, "10": {"execution_time": 0.04887032508850098, "passed": false}, "11": {"execution_time": 0.0548555850982666, "passed": true}, "12": {"execution_time": 0.05784416198730469, "passed": false}, "13": {"execution_time": 0.050864219665527344, "passed": false}, "14": {"execution_time": 0.04886913299560547, "passed": false}, "15": {"execution_time": 0.048868417739868164, "passed": false}, "16": {"execution_time": 0.04787278175354004, "passed": true}, "17": {"execution_time": 0.04787278175354004, "passed": true}, "18": {"execution_time": 0.04887080192565918, "passed": true}, "19": {"execution_time": 0.048868656158447266, "passed": false}, "20": {"execution_time": 0.04886770248413086, "passed": true}, "21": {"execution_time": 0.048863887786865234, "passed": false}, "22": {"execution_time": 0.04886937141418457, "passed": false}, "23": {"execution_time": 0.047873497009277344, "passed": false}, "24": {"execution_time": 0.04787564277648926, "passed": false}}}, "pylint_score": "-4/10"}