{"version": "1", "message": "ERROR: Hidden Testcases server unreachable.", "problem_id": "cspp1_m10_a1_1", "user_id": "madhavimvh", "score": {"sample": {"0": {"execution_time": 0.08749628067016602, "passed": false}, "1": {"execution_time": 0.04986691474914551, "passed": true}, "2": {"execution_time": 0.05186271667480469, "passed": true}, "3": {"execution_time": 0.05186200141906738, "passed": true}, "4": {"execution_time": 0.05285835266113281, "passed": true}, "5": {"execution_time": 0.05082893371582031, "passed": false}, "6": {"execution_time": 0.04986286163330078, "passed": true}, "7": {"execution_time": 0.05086541175842285, "passed": true}, "8": {"execution_time": 0.050862789154052734, "passed": true}, "9": {"execution_time": 0.05086541175842285, "passed": false}, "10": {"execution_time": 0.0498654842376709, "passed": true}, "11": {"execution_time": 0.05086183547973633, "passed": true}, "12": {"execution_time": 0.0498661994934082, "passed": true}, "13": {"execution_time": 0.054854393005371094, "passed": false}, "14": {"execution_time": 0.048870086669921875, "passed": false}, "15": {"execution_time": 0.04986572265625, "passed": false}, "16": {"execution_time": 0.06183433532714844, "passed": true}, "17": {"execution_time": 0.06781744956970215, "passed": true}, "18": {"execution_time": 0.05285763740539551, "passed": true}, "19": {"execution_time": 0.04986691474914551, "passed": false}, "20": {"execution_time": 0.04787135124206543, "passed": true}, "21": {"execution_time": 0.05086541175842285, "passed": false}, "22": {"execution_time": 0.04986405372619629, "passed": false}, "23": {"execution_time": 0.04886960983276367, "passed": false}, "24": {"execution_time": 0.04886794090270996, "passed": false}}}, "pylint_score": "-4/10"}