{"version": "1", "message": "ERROR: Hidden Testcases server unreachable.", "problem_id": "cspp1_m10_a1_1", "user_id": "madhavimvh", "score": {"sample": {"0": {"execution_time": 0.11122918128967285, "passed": true}, "1": {"execution_time": 0.04886603355407715, "passed": true}, "2": {"execution_time": 0.04787778854370117, "passed": true}, "3": {"execution_time": 0.04587745666503906, "passed": true}, "4": {"execution_time": 0.04488110542297363, "passed": true}, "5": {"execution_time": 0.043885231018066406, "passed": false}, "6": {"execution_time": 0.0448765754699707, "passed": true}, "7": {"execution_time": 0.04288601875305176, "passed": true}, "8": {"execution_time": 0.04388594627380371, "passed": true}, "9": {"execution_time": 0.044878482818603516, "passed": false}, "10": {"execution_time": 0.04787302017211914, "passed": true}, "11": {"execution_time": 0.04487919807434082, "passed": true}, "12": {"execution_time": 0.0670464038848877, "passed": true}, "13": {"execution_time": 0.04787015914916992, "passed": false}, "14": {"execution_time": 0.045879364013671875, "passed": false}, "15": {"execution_time": 0.04587697982788086, "passed": false}, "16": {"execution_time": 0.04887080192565918, "passed": false}, "17": {"execution_time": 0.06582522392272949, "passed": true}, "18": {"execution_time": 0.06990838050842285, "passed": false}, "19": {"execution_time": 0.046874284744262695, "passed": false}, "20": {"execution_time": 0.044881343841552734, "passed": true}, "21": {"execution_time": 0.045877933502197266, "passed": false}, "22": {"execution_time": 0.046874046325683594, "passed": false}, "23": {"execution_time": 0.044849395751953125, "passed": false}, "24": {"execution_time": 0.044852256774902344, "passed": false}}}, "pylint_score": "4/10"}