{"version": "1", "message": "ERROR: Hidden Testcases server unreachable.", "problem_id": "cspp1_m10_a1_1", "user_id": "madhavimvh", "score": {"sample": {"0": {"execution_time": 0.6772301197052002, "passed": true}, "1": {"execution_time": 0.04887056350708008, "passed": true}, "2": {"execution_time": 0.046875953674316406, "passed": true}, "3": {"execution_time": 0.046875, "passed": true}, "4": {"execution_time": 0.04688072204589844, "passed": true}, "5": {"execution_time": 0.04687356948852539, "passed": true}, "6": {"execution_time": 0.05086255073547363, "passed": true}, "7": {"execution_time": 0.04587888717651367, "passed": true}, "8": {"execution_time": 0.04587888717651367, "passed": true}, "9": {"execution_time": 0.04887557029724121, "passed": true}, "10": {"execution_time": 0.047868967056274414, "passed": true}, "11": {"execution_time": 0.0478672981262207, "passed": true}, "12": {"execution_time": 0.046874046325683594, "passed": true}, "13": {"execution_time": 0.04688668251037598, "passed": true}, "14": {"execution_time": 0.04686403274536133, "passed": true}, "15": {"execution_time": 0.04687833786010742, "passed": true}, "16": {"execution_time": 0.04687333106994629, "passed": true}, "17": {"execution_time": 0.04787015914916992, "passed": false}, "18": {"execution_time": 0.04687333106994629, "passed": true}, "19": {"execution_time": 0.0498809814453125, "passed": true}, "20": {"execution_time": 0.04987978935241699, "passed": true}, "21": {"execution_time": 0.05585145950317383, "passed": true}, "22": {"execution_time": 0.048871517181396484, "passed": true}, "23": {"execution_time": 0.04886984825134277, "passed": true}, "24": {"execution_time": 0.05187344551086426, "passed": true}}}, "pylint_score": "-4/10"}