{"version": "1", "message": "ERROR: Hidden Testcases server unreachable.", "problem_id": "cspp1_m10_a1_1", "user_id": "madhavimvh", "score": {"sample": {"0": {"execution_time": 0.08607053756713867, "passed": true}, "1": {"execution_time": 0.056847572326660156, "passed": true}, "2": {"execution_time": 0.05585002899169922, "passed": true}, "3": {"execution_time": 0.0528569221496582, "passed": true}, "4": {"execution_time": 0.05186128616333008, "passed": true}, "5": {"execution_time": 0.05086517333984375, "passed": false}, "6": {"execution_time": 0.0528712272644043, "passed": true}, "7": {"execution_time": 0.055838823318481445, "passed": true}, "8": {"execution_time": 0.05385589599609375, "passed": true}, "9": {"execution_time": 0.05483579635620117, "passed": false}, "10": {"execution_time": 0.050864219665527344, "passed": true}, "11": {"execution_time": 0.05585074424743652, "passed": true}, "12": {"execution_time": 0.07480025291442871, "passed": true}, "13": {"execution_time": 0.05485391616821289, "passed": false}, "14": {"execution_time": 0.06482410430908203, "passed": false}, "15": {"execution_time": 0.0578458309173584, "passed": false}, "16": {"execution_time": 0.0528566837310791, "passed": true}, "17": {"execution_time": 0.05285930633544922, "passed": true}, "18": {"execution_time": 0.04985237121582031, "passed": true}, "19": {"execution_time": 0.05385589599609375, "passed": false}, "20": {"execution_time": 0.05086493492126465, "passed": true}, "21": {"execution_time": 0.05187535285949707, "passed": false}, "22": {"execution_time": 0.05086183547973633, "passed": false}, "23": {"execution_time": 0.05285930633544922, "passed": false}, "24": {"execution_time": 0.0548548698425293, "passed": false}}}, "pylint_score": "-4/10"}