{"version": "1", "message": "ERROR: Hidden Testcases server unreachable.", "problem_id": "cspp1_m10_a1_1", "user_id": "madhavimvh", "score": {"sample": {"0": {"execution_time": 0.050859928131103516, "passed": false}, "1": {"execution_time": 0.05186104774475098, "passed": true}, "2": {"execution_time": 0.04786944389343262, "passed": true}, "3": {"execution_time": 0.04986739158630371, "passed": true}, "4": {"execution_time": 0.04986691474914551, "passed": true}, "5": {"execution_time": 0.057847023010253906, "passed": false}, "6": {"execution_time": 0.051859140396118164, "passed": true}, "7": {"execution_time": 0.050864219665527344, "passed": true}, "8": {"execution_time": 0.05186176300048828, "passed": true}, "9": {"execution_time": 0.05585122108459473, "passed": false}, "10": {"execution_time": 0.051860809326171875, "passed": true}, "11": {"execution_time": 0.05684661865234375, "passed": true}, "12": {"execution_time": 0.05185985565185547, "passed": true}, "13": {"execution_time": 0.045876502990722656, "passed": false}, "14": {"execution_time": 0.04587674140930176, "passed": false}, "15": {"execution_time": 0.04488062858581543, "passed": false}, "16": {"execution_time": 0.04589271545410156, "passed": true}, "17": {"execution_time": 0.046860456466674805, "passed": true}, "18": {"execution_time": 0.04687356948852539, "passed": true}, "19": {"execution_time": 0.0498654842376709, "passed": false}, "20": {"execution_time": 0.05492258071899414, "passed": true}, "21": {"execution_time": 0.05485177040100098, "passed": false}, "22": {"execution_time": 0.052858829498291016, "passed": false}, "23": {"execution_time": 0.05086255073547363, "passed": false}, "24": {"execution_time": 0.055933475494384766, "passed": false}}}, "pylint_score": "-4/10"}