{"version": "1", "message": "ERROR: Hidden Testcases server unreachable.", "problem_id": "cspp1_m10_a1_1", "user_id": "madhavimvh", "score": {"sample": {"0": {"execution_time": 0.07804560661315918, "passed": false}, "1": {"execution_time": 0.04787182807922363, "passed": true}, "2": {"execution_time": 0.04692506790161133, "passed": true}, "3": {"execution_time": 0.047873497009277344, "passed": false}, "4": {"execution_time": 0.04886746406555176, "passed": true}, "5": {"execution_time": 0.05185890197753906, "passed": false}, "6": {"execution_time": 0.04687356948852539, "passed": true}, "7": {"execution_time": 0.049866676330566406, "passed": false}, "8": {"execution_time": 0.05086255073547363, "passed": false}, "9": {"execution_time": 0.05185675621032715, "passed": false}, "10": {"execution_time": 0.05286002159118652, "passed": true}, "11": {"execution_time": 0.046874046325683594, "passed": true}, "12": {"execution_time": 0.04787158966064453, "passed": false}, "13": {"execution_time": 0.05186057090759277, "passed": false}, "14": {"execution_time": 0.05186152458190918, "passed": false}, "15": {"execution_time": 0.050864219665527344, "passed": false}, "16": {"execution_time": 0.045877695083618164, "passed": false}, "17": {"execution_time": 0.06981396675109863, "passed": false}, "18": {"execution_time": 0.05983996391296387, "passed": false}, "19": {"execution_time": 0.05983996391296387, "passed": false}, "20": {"execution_time": 0.04986715316772461, "passed": false}, "21": {"execution_time": 0.04889678955078125, "passed": false}, "22": {"execution_time": 0.04986882209777832, "passed": false}, "23": {"execution_time": 0.050861358642578125, "passed": false}, "24": {"execution_time": 0.05186319351196289, "passed": false}}}, "pylint_score": "-4/10"}