{"version": "1", "message": "ERROR: Hidden Testcases server unreachable.", "problem_id": "cspp1_m10_a1_1", "user_id": "madhavimvh", "score": {"sample": {"0": {"execution_time": 0.048837900161743164, "passed": false}, "1": {"execution_time": 0.04687333106994629, "passed": true}, "2": {"execution_time": 0.04587674140930176, "passed": true}, "3": {"execution_time": 0.046883583068847656, "passed": true}, "4": {"execution_time": 0.04587674140930176, "passed": true}, "5": {"execution_time": 0.046945810317993164, "passed": false}, "6": {"execution_time": 0.04887056350708008, "passed": true}, "7": {"execution_time": 0.046875953674316406, "passed": true}, "8": {"execution_time": 0.04587841033935547, "passed": true}, "9": {"execution_time": 0.04587721824645996, "passed": false}, "10": {"execution_time": 0.045877695083618164, "passed": true}, "11": {"execution_time": 0.04588437080383301, "passed": true}, "12": {"execution_time": 0.04689359664916992, "passed": true}, "13": {"execution_time": 0.04587721824645996, "passed": false}, "14": {"execution_time": 0.0468752384185791, "passed": false}, "15": {"execution_time": 0.045877695083618164, "passed": false}, "16": {"execution_time": 0.04687905311584473, "passed": false}, "17": {"execution_time": 0.04793667793273926, "passed": false}, "18": {"execution_time": 0.046842098236083984, "passed": false}, "19": {"execution_time": 0.04787182807922363, "passed": false}, "20": {"execution_time": 0.045876502990722656, "passed": false}, "21": {"execution_time": 0.04787135124206543, "passed": false}, "22": {"execution_time": 0.053824424743652344, "passed": false}, "23": {"execution_time": 0.04687857627868652, "passed": false}, "24": {"execution_time": 0.04787135124206543, "passed": false}}}, "pylint_score": "-4/10"}