{"version": "1", "message": "ERROR: Hidden Testcases server unreachable.", "problem_id": "cspp1_m10_a1_1", "user_id": "madhavimvh", "score": {"sample": {"0": {"execution_time": 0.08487915992736816, "passed": false}, "1": {"execution_time": 0.04684925079345703, "passed": false}, "2": {"execution_time": 0.04584479331970215, "passed": false}, "3": {"execution_time": 0.04687690734863281, "passed": false}, "4": {"execution_time": 0.04794788360595703, "passed": false}, "5": {"execution_time": 0.04991436004638672, "passed": false}, "6": {"execution_time": 0.04588770866394043, "passed": false}, "7": {"execution_time": 0.046875, "passed": false}, "8": {"execution_time": 0.04588055610656738, "passed": false}, "9": {"execution_time": 0.047867774963378906, "passed": false}, "10": {"execution_time": 0.04587697982788086, "passed": false}, "11": {"execution_time": 0.048868417739868164, "passed": false}, "12": {"execution_time": 0.049865007400512695, "passed": false}, "13": {"execution_time": 0.0468754768371582, "passed": false}, "14": {"execution_time": 0.04587531089782715, "passed": false}, "15": {"execution_time": 0.04587578773498535, "passed": false}, "16": {"execution_time": 0.04587578773498535, "passed": false}, "17": {"execution_time": 0.04587674140930176, "passed": false}, "18": {"execution_time": 0.06183433532714844, "passed": false}, "19": {"execution_time": 0.053854942321777344, "passed": false}, "20": {"execution_time": 0.0468754768371582, "passed": false}, "21": {"execution_time": 0.046874284744262695, "passed": false}, "22": {"execution_time": 0.04587602615356445, "passed": false}, "23": {"execution_time": 0.0468745231628418, "passed": false}, "24": {"execution_time": 0.04587578773498535, "passed": false}}}, "pylint_score": "-4/10"}