{"version": "1", "message": "ERROR: Hidden Testcases server unreachable.", "problem_id": "cspp1_m10_a1_1", "user_id": "madhavimvh", "score": {"sample": {"0": {"execution_time": 0.07042336463928223, "passed": false}, "1": {"execution_time": 0.04587578773498535, "passed": true}, "2": {"execution_time": 0.04587841033935547, "passed": true}, "3": {"execution_time": 0.047872066497802734, "passed": false}, "4": {"execution_time": 0.04393362998962402, "passed": true}, "5": {"execution_time": 0.04587268829345703, "passed": false}, "6": {"execution_time": 0.045866966247558594, "passed": true}, "7": {"execution_time": 0.0468754768371582, "passed": false}, "8": {"execution_time": 0.04783987998962402, "passed": false}, "9": {"execution_time": 0.05086350440979004, "passed": false}, "10": {"execution_time": 0.046872854232788086, "passed": true}, "11": {"execution_time": 0.050865888595581055, "passed": true}, "12": {"execution_time": 0.046874046325683594, "passed": false}, "13": {"execution_time": 0.04788661003112793, "passed": false}, "14": {"execution_time": 0.0468747615814209, "passed": false}, "15": {"execution_time": 0.0438845157623291, "passed": false}, "16": {"execution_time": 0.04787182807922363, "passed": false}, "17": {"execution_time": 0.04787158966064453, "passed": false}, "18": {"execution_time": 0.050864219665527344, "passed": false}, "19": {"execution_time": 0.044877052307128906, "passed": false}, "20": {"execution_time": 0.04387354850769043, "passed": false}, "21": {"execution_time": 0.04587578773498535, "passed": false}, "22": {"execution_time": 0.046872854232788086, "passed": false}, "23": {"execution_time": 0.046877145767211914, "passed": false}, "24": {"execution_time": 0.045841217041015625, "passed": false}}}, "pylint_score": "-4/10"}