{"version": "1", "message": "ERROR: Hidden Testcases server unreachable.", "problem_id": "cspp1_m10_a1_1", "user_id": "madhavimvh", "score": {"sample": {"0": {"execution_time": 0.09918045997619629, "passed": false}, "1": {"execution_time": 0.04684305191040039, "passed": true}, "2": {"execution_time": 0.046935081481933594, "passed": true}, "3": {"execution_time": 0.04487943649291992, "passed": true}, "4": {"execution_time": 0.04587721824645996, "passed": true}, "5": {"execution_time": 0.047872304916381836, "passed": false}, "6": {"execution_time": 0.04787158966064453, "passed": true}, "7": {"execution_time": 0.047873497009277344, "passed": true}, "8": {"execution_time": 0.04488015174865723, "passed": true}, "9": {"execution_time": 0.052858591079711914, "passed": false}, "10": {"execution_time": 0.04288625717163086, "passed": true}, "11": {"execution_time": 0.05984091758728027, "passed": true}, "12": {"execution_time": 0.04787182807922363, "passed": true}, "13": {"execution_time": 0.04488873481750488, "passed": false}, "14": {"execution_time": 0.045867919921875, "passed": false}, "15": {"execution_time": 0.04488539695739746, "passed": false}, "16": {"execution_time": 0.04488205909729004, "passed": false}, "17": {"execution_time": 0.045928955078125, "passed": false}, "18": {"execution_time": 0.04593610763549805, "passed": false}, "19": {"execution_time": 0.04787254333496094, "passed": false}, "20": {"execution_time": 0.045876264572143555, "passed": false}, "21": {"execution_time": 0.04693245887756348, "passed": false}, "22": {"execution_time": 0.046875953674316406, "passed": false}, "23": {"execution_time": 0.04587697982788086, "passed": false}, "24": {"execution_time": 0.04584527015686035, "passed": false}}}, "pylint_score": "-4/10"}