{"version": "1", "message": "ERROR: Hidden Testcases server unreachable.", "problem_id": "cspp1_m10_a1_1", "user_id": "madhavimvh", "score": {"sample": {"0": {"execution_time": 0.08667230606079102, "passed": false}, "1": {"execution_time": 0.04488205909729004, "passed": true}, "2": {"execution_time": 0.04489493370056152, "passed": true}, "3": {"execution_time": 0.04587697982788086, "passed": true}, "4": {"execution_time": 0.05285763740539551, "passed": true}, "5": {"execution_time": 0.04886746406555176, "passed": false}, "6": {"execution_time": 0.047870635986328125, "passed": true}, "7": {"execution_time": 0.046868324279785156, "passed": true}, "8": {"execution_time": 0.047943830490112305, "passed": true}, "9": {"execution_time": 0.04587864875793457, "passed": false}, "10": {"execution_time": 0.04487943649291992, "passed": true}, "11": {"execution_time": 0.04587578773498535, "passed": true}, "12": {"execution_time": 0.049863338470458984, "passed": true}, "13": {"execution_time": 0.0548548698425293, "passed": false}, "14": {"execution_time": 0.04388165473937988, "passed": false}, "15": {"execution_time": 0.0468745231628418, "passed": false}, "16": {"execution_time": 0.045877933502197266, "passed": false}, "17": {"execution_time": 0.04388284683227539, "passed": false}, "18": {"execution_time": 0.06083846092224121, "passed": false}, "19": {"execution_time": 0.05585050582885742, "passed": false}, "20": {"execution_time": 0.0498654842376709, "passed": false}, "21": {"execution_time": 0.045879364013671875, "passed": false}, "22": {"execution_time": 0.04587674140930176, "passed": false}, "23": {"execution_time": 0.045876502990722656, "passed": false}, "24": {"execution_time": 0.04487919807434082, "passed": false}}}, "pylint_score": "-4/10"}