{"version": "1", "message": "ERROR: Hidden Testcases server unreachable.", "problem_id": "cspp1_m10_a1_1", "user_id": "madhavimvh", "score": {"sample": {"0": {"execution_time": 0.10393548011779785, "passed": false}, "1": {"execution_time": 0.04488110542297363, "passed": false}, "2": {"execution_time": 0.04487419128417969, "passed": false}, "3": {"execution_time": 0.0458676815032959, "passed": false}, "4": {"execution_time": 0.04388284683227539, "passed": false}, "5": {"execution_time": 0.04487919807434082, "passed": false}, "6": {"execution_time": 0.04388165473937988, "passed": false}, "7": {"execution_time": 0.0448918342590332, "passed": false}, "8": {"execution_time": 0.043882131576538086, "passed": false}, "9": {"execution_time": 0.04388284683227539, "passed": false}, "10": {"execution_time": 0.044881343841552734, "passed": false}, "11": {"execution_time": 0.044879913330078125, "passed": false}, "12": {"execution_time": 0.04587721824645996, "passed": false}, "13": {"execution_time": 0.04587697982788086, "passed": false}, "14": {"execution_time": 0.06023287773132324, "passed": false}, "15": {"execution_time": 0.04587817192077637, "passed": false}, "16": {"execution_time": 0.04387974739074707, "passed": false}, "17": {"execution_time": 0.044892311096191406, "passed": false}, "18": {"execution_time": 0.054853200912475586, "passed": false}, "19": {"execution_time": 0.04886794090270996, "passed": false}, "20": {"execution_time": 0.04886746406555176, "passed": false}, "21": {"execution_time": 0.04389357566833496, "passed": false}, "22": {"execution_time": 0.04488086700439453, "passed": false}, "23": {"execution_time": 0.04488015174865723, "passed": false}, "24": {"execution_time": 0.043871164321899414, "passed": false}}}, "pylint_score": "0/0"}