{"version": "1", "message": "ERROR: Hidden Testcases server unreachable.", "problem_id": "m19_a1", "user_id": "madhavimvh", "score": {"sample": {"0": {"execution_time": 0.11078286170959473, "passed": false}, "1": {"execution_time": 0.051860809326171875, "passed": false}, "2": {"execution_time": 0.0628364086151123, "passed": false}, "3": {"execution_time": 0.04986095428466797, "passed": false}, "4": {"execution_time": 0.06283807754516602, "passed": false}, "5": {"execution_time": 0.05384993553161621, "passed": false}, "6": {"execution_time": 0.0688161849975586, "passed": false}, "7": {"execution_time": 0.07779121398925781, "passed": false}, "8": {"execution_time": 0.06483936309814453, "passed": false}, "9": {"execution_time": 0.0987706184387207, "passed": false}, "10": {"execution_time": 0.08876371383666992, "passed": false}, "11": {"execution_time": 0.23488688468933105, "passed": false}, "12": {"execution_time": 0.09923315048217773, "passed": false}}}, "pylint_score": "-2/10"}