{"version": "1", "message": "ERROR: Hidden Testcases server unreachable.", "problem_id": "m19_a1", "user_id": "madhavimvh", "score": {"sample": {"0": {"execution_time": 0.31069064140319824, "passed": true}, "1": {"execution_time": 0.046875, "passed": true}, "2": {"execution_time": 0.04487919807434082, "passed": true}, "3": {"execution_time": 0.04587912559509277, "passed": true}, "4": {"execution_time": 0.04588508605957031, "passed": true}, "5": {"execution_time": 0.04887056350708008, "passed": true}, "6": {"execution_time": 0.045870304107666016, "passed": true}, "7": {"execution_time": 0.0592198371887207, "passed": true}, "8": {"execution_time": 0.04584360122680664, "passed": false}, "9": {"execution_time": 0.05185866355895996, "passed": false}, "10": {"execution_time": 0.05299210548400879, "passed": false}, "11": {"execution_time": 0.06595993041992188, "passed": false}, "12": {"execution_time": 0.06596064567565918, "passed": true}}}, "pylint_score": "-2/10"}