{"version": "1", "message": "ERROR: Hidden Testcases server unreachable.", "problem_id": "m19_a1", "user_id": "madhavimvh", "score": {"sample": {"0": {"execution_time": 0.12366795539855957, "passed": false}, "1": {"execution_time": 0.06581926345825195, "passed": false}, "2": {"execution_time": 0.05485415458679199, "passed": false}, "3": {"execution_time": 0.0718080997467041, "passed": false}, "4": {"execution_time": 0.05485367774963379, "passed": false}, "5": {"execution_time": 0.059841156005859375, "passed": false}, "6": {"execution_time": 0.07280397415161133, "passed": false}, "7": {"execution_time": 0.06382560729980469, "passed": false}, "8": {"execution_time": 0.08078432083129883, "passed": false}, "9": {"execution_time": 0.08478975296020508, "passed": false}, "10": {"execution_time": 0.058840036392211914, "passed": false}, "11": {"execution_time": 0.0638267993927002, "passed": false}, "12": {"execution_time": 0.0608370304107666, "passed": false}}}, "pylint_score": "-2/10"}