{"version": "1", "message": "ERROR: Hidden Testcases server unreachable.", "problem_id": "m19_a1", "user_id": "madhavimvh", "score": {"sample": {"0": {"execution_time": 0.16717839241027832, "passed": false}, "1": {"execution_time": 0.06382584571838379, "passed": false}, "2": {"execution_time": 0.051860809326171875, "passed": false}, "3": {"execution_time": 0.06183481216430664, "passed": false}, "4": {"execution_time": 0.05486869812011719, "passed": false}, "5": {"execution_time": 0.05185818672180176, "passed": false}, "6": {"execution_time": 0.05186319351196289, "passed": false}, "7": {"execution_time": 0.06582164764404297, "passed": false}, "8": {"execution_time": 0.05385589599609375, "passed": false}, "9": {"execution_time": 0.05385565757751465, "passed": false}, "10": {"execution_time": 0.06083798408508301, "passed": false}, "11": {"execution_time": 0.05285835266113281, "passed": false}, "12": {"execution_time": 0.06181192398071289, "passed": false}}}, "pylint_score": "-2/10"}