{"version": "1", "message": "ERROR: Hidden Testcases server unreachable.", "problem_id": "m19_a1", "user_id": "madhavimvh", "score": {"sample": {"0": {"execution_time": 0.0942842960357666, "passed": false}, "1": {"execution_time": 0.04584169387817383, "passed": false}, "2": {"execution_time": 0.04584789276123047, "passed": false}, "3": {"execution_time": 0.04587697982788086, "passed": false}, "4": {"execution_time": 0.045876264572143555, "passed": false}, "5": {"execution_time": 0.048876285552978516, "passed": true}, "6": {"execution_time": 0.04587244987487793, "passed": true}, "7": {"execution_time": 0.04584813117980957, "passed": true}, "8": {"execution_time": 0.0468747615814209, "passed": true}, "9": {"execution_time": 0.046875, "passed": false}, "10": {"execution_time": 0.04488015174865723, "passed": false}, "11": {"execution_time": 0.04587745666503906, "passed": false}, "12": {"execution_time": 0.045877695083618164, "passed": true}}}, "pylint_score": "-2/10"}