{"version": "1", "message": "ERROR: Hidden Testcases server unreachable.", "problem_id": "m19_a1", "user_id": "madhavimvh", "score": {"sample": {"0": {"execution_time": 0.08590912818908691, "passed": false}, "1": {"execution_time": 0.046875715255737305, "passed": false}, "2": {"execution_time": 0.045876264572143555, "passed": false}, "3": {"execution_time": 0.046872615814208984, "passed": false}, "4": {"execution_time": 0.045876264572143555, "passed": false}, "5": {"execution_time": 0.045876264572143555, "passed": true}, "6": {"execution_time": 0.04587745666503906, "passed": true}, "7": {"execution_time": 0.0468754768371582, "passed": true}, "8": {"execution_time": 0.045880794525146484, "passed": true}, "9": {"execution_time": 0.04587674140930176, "passed": false}, "10": {"execution_time": 0.04687166213989258, "passed": false}, "11": {"execution_time": 0.04588603973388672, "passed": false}, "12": {"execution_time": 0.04986453056335449, "passed": true}}}, "pylint_score": "-2/10"}