{"version": "1", "message": "ERROR: Hidden Testcases server unreachable.", "problem_id": "m19_a1", "user_id": "madhavimvh", "score": {"sample": {"0": {"execution_time": 0.08477473258972168, "passed": false}, "1": {"execution_time": 0.05884361267089844, "passed": false}, "2": {"execution_time": 0.054852962493896484, "passed": false}, "3": {"execution_time": 0.0608370304107666, "passed": false}, "4": {"execution_time": 0.05087447166442871, "passed": false}, "5": {"execution_time": 0.06183433532714844, "passed": false}, "6": {"execution_time": 0.04886937141418457, "passed": false}, "7": {"execution_time": 0.06981134414672852, "passed": false}, "8": {"execution_time": 0.09773898124694824, "passed": false}, "9": {"execution_time": 0.07787775993347168, "passed": false}, "10": {"execution_time": 0.08277058601379395, "passed": false}, "11": {"execution_time": 0.09877753257751465, "passed": false}, "12": {"execution_time": 0.06981205940246582, "passed": false}}}, "pylint_score": "-2/10"}