{"version": "1", "message": "ERROR: Hidden Testcases server unreachable.", "problem_id": "m19_a1", "user_id": "madhavimvh", "score": {"sample": {"0": {"execution_time": 0.0967414379119873, "passed": false}, "1": {"execution_time": 0.07081842422485352, "passed": false}, "2": {"execution_time": 0.061826229095458984, "passed": false}, "3": {"execution_time": 0.05585145950317383, "passed": false}, "4": {"execution_time": 0.0608370304107666, "passed": false}, "5": {"execution_time": 0.08277654647827148, "passed": false}, "6": {"execution_time": 0.06881499290466309, "passed": false}, "7": {"execution_time": 0.08285999298095703, "passed": false}, "8": {"execution_time": 0.071807861328125, "passed": false}, "9": {"execution_time": 0.2513279914855957, "passed": false}, "10": {"execution_time": 0.09580588340759277, "passed": false}, "11": {"execution_time": 0.05385708808898926, "passed": false}, "12": {"execution_time": 0.07079792022705078, "passed": false}}}, "pylint_score": "-2/10"}