{"version": "1", "message": "ERROR: Hidden Testcases server unreachable.", "problem_id": "m19_a1", "user_id": "madhavimvh", "score": {"sample": {"0": {"execution_time": 0.08587336540222168, "passed": false}, "1": {"execution_time": 0.0498654842376709, "passed": false}, "2": {"execution_time": 0.04987788200378418, "passed": false}, "3": {"execution_time": 0.04887104034423828, "passed": false}, "4": {"execution_time": 0.04883861541748047, "passed": false}, "5": {"execution_time": 0.044881582260131836, "passed": true}, "6": {"execution_time": 0.04588747024536133, "passed": true}, "7": {"execution_time": 0.04588937759399414, "passed": true}, "8": {"execution_time": 0.04588127136230469, "passed": true}, "9": {"execution_time": 0.04687786102294922, "passed": false}, "10": {"execution_time": 0.04587697982788086, "passed": false}, "11": {"execution_time": 0.05385541915893555, "passed": false}, "12": {"execution_time": 0.046868085861206055, "passed": true}}}, "pylint_score": "-3/10"}