{"version": "1", "message": "ERROR: Hidden Testcases server unreachable.", "problem_id": "m19_a1", "user_id": "madhavimvh", "score": {"sample": {"0": {"execution_time": 0.13663315773010254, "passed": false}, "1": {"execution_time": 0.07280635833740234, "passed": false}, "2": {"execution_time": 0.05385589599609375, "passed": false}, "3": {"execution_time": 0.05884242057800293, "passed": false}, "4": {"execution_time": 0.05186104774475098, "passed": false}, "5": {"execution_time": 0.05983924865722656, "passed": false}, "6": {"execution_time": 0.04986715316772461, "passed": false}, "7": {"execution_time": 0.06682229042053223, "passed": false}, "8": {"execution_time": 0.05884122848510742, "passed": false}, "9": {"execution_time": 0.09079980850219727, "passed": false}, "10": {"execution_time": 0.06183505058288574, "passed": false}, "11": {"execution_time": 0.054852962493896484, "passed": false}, "12": {"execution_time": 0.07683849334716797, "passed": false}}}, "pylint_score": "-12/10"}