{"version": "1", "message": "ERROR: Hidden Testcases server unreachable.", "problem_id": "m19_a1", "user_id": "madhavimvh", "score": {"sample": {"0": {"execution_time": 0.09175443649291992, "passed": false}, "1": {"execution_time": 0.05485367774963379, "passed": false}, "2": {"execution_time": 0.05984020233154297, "passed": false}, "3": {"execution_time": 0.05385398864746094, "passed": false}, "4": {"execution_time": 0.061836957931518555, "passed": false}, "5": {"execution_time": 0.06582403182983398, "passed": false}, "6": {"execution_time": 0.07583332061767578, "passed": false}, "7": {"execution_time": 0.05684828758239746, "passed": false}, "8": {"execution_time": 0.07878875732421875, "passed": false}, "9": {"execution_time": 0.07081341743469238, "passed": false}, "10": {"execution_time": 0.08680033683776855, "passed": false}, "11": {"execution_time": 0.04886889457702637, "passed": false}, "12": {"execution_time": 0.059841156005859375, "passed": false}}}, "pylint_score": "-2/10"}