{"version": "1", "message": "ERROR: Hidden Testcases server unreachable.", "problem_id": "m19_a1", "user_id": "madhavimvh", "score": {"sample": {"0": {"execution_time": 0.08304905891418457, "passed": false}, "1": {"execution_time": 0.04788064956665039, "passed": false}, "2": {"execution_time": 0.04587817192077637, "passed": false}, "3": {"execution_time": 0.046872615814208984, "passed": false}, "4": {"execution_time": 0.045876264572143555, "passed": true}, "5": {"execution_time": 0.04587960243225098, "passed": true}, "6": {"execution_time": 0.04587912559509277, "passed": true}, "7": {"execution_time": 0.046851396560668945, "passed": true}, "8": {"execution_time": 0.04486680030822754, "passed": false}, "9": {"execution_time": 0.04488182067871094, "passed": false}, "10": {"execution_time": 0.05086016654968262, "passed": false}, "11": {"execution_time": 0.0814051628112793, "passed": false}, "12": {"execution_time": 0.04587841033935547, "passed": true}}}, "pylint_score": "-2/10"}