{"version": "1", "message": "ERROR: Hidden Testcases server unreachable.", "problem_id": "m19_a1", "user_id": "madhavimvh", "score": {"sample": {"0": {"execution_time": 0.21792149543762207, "passed": true}, "1": {"execution_time": 0.04484915733337402, "passed": true}, "2": {"execution_time": 0.046886444091796875, "passed": true}, "3": {"execution_time": 0.045854806900024414, "passed": true}, "4": {"execution_time": 0.04489326477050781, "passed": true}, "5": {"execution_time": 0.04587697982788086, "passed": true}, "6": {"execution_time": 0.050864219665527344, "passed": true}, "7": {"execution_time": 0.04687356948852539, "passed": false}, "8": {"execution_time": 0.058181047439575195, "passed": false}, "9": {"execution_time": 0.049834251403808594, "passed": false}, "10": {"execution_time": 0.06498360633850098, "passed": false}, "11": {"execution_time": 0.06833577156066895, "passed": false}, "12": {"execution_time": 0.07879042625427246, "passed": true}}}, "pylint_score": "-2/10"}