{"version": "1", "message": "ERROR: Hidden Testcases server unreachable.", "problem_id": "m19_a1", "user_id": "madhavimvh", "score": {"sample": {"0": {"execution_time": 0.0778050422668457, "passed": true}, "1": {"execution_time": 0.06283187866210938, "passed": true}, "2": {"execution_time": 0.05086255073547363, "passed": true}, "3": {"execution_time": 0.05884361267089844, "passed": true}, "4": {"execution_time": 0.05285763740539551, "passed": true}, "5": {"execution_time": 0.06283307075500488, "passed": false}, "6": {"execution_time": 0.048868417739868164, "passed": false}, "7": {"execution_time": 0.071807861328125, "passed": false}, "8": {"execution_time": 0.05884361267089844, "passed": false}, "9": {"execution_time": 0.06282997131347656, "passed": false}, "10": {"execution_time": 0.0797872543334961, "passed": false}, "11": {"execution_time": 0.05884265899658203, "passed": false}, "12": {"execution_time": 0.06996440887451172, "passed": false}}}, "pylint_score": "-2/10"}