{"version": "1", "message": "ERROR: Hidden Testcases server unreachable.", "problem_id": "m19_a1", "user_id": "madhavimvh", "score": {"sample": {"0": {"execution_time": 0.0738058090209961, "passed": false}, "1": {"execution_time": 0.06381726264953613, "passed": false}, "2": {"execution_time": 0.0638282299041748, "passed": false}, "3": {"execution_time": 0.055850982666015625, "passed": false}, "4": {"execution_time": 0.07380270957946777, "passed": false}, "5": {"execution_time": 0.055850982666015625, "passed": false}, "6": {"execution_time": 0.06781744956970215, "passed": false}, "7": {"execution_time": 0.07279801368713379, "passed": false}, "8": {"execution_time": 0.11269831657409668, "passed": false}, "9": {"execution_time": 0.06780505180358887, "passed": false}, "10": {"execution_time": 0.07480049133300781, "passed": false}, "11": {"execution_time": 0.06183671951293945, "passed": false}, "12": {"execution_time": 0.07879972457885742, "passed": false}}}, "pylint_score": "-2/10"}