{"version": "1", "message": "ERROR: Hidden Testcases server unreachable.", "problem_id": "m19_a1", "user_id": "madhavimvh", "score": {"sample": {"0": {"execution_time": 0.0959463119506836, "passed": false}, "1": {"execution_time": 0.06581974029541016, "passed": false}, "2": {"execution_time": 0.0718080997467041, "passed": false}, "3": {"execution_time": 0.056847333908081055, "passed": false}, "4": {"execution_time": 0.06183505058288574, "passed": false}, "5": {"execution_time": 0.05385613441467285, "passed": false}, "6": {"execution_time": 0.06283330917358398, "passed": false}, "7": {"execution_time": 0.0608370304107666, "passed": false}, "8": {"execution_time": 0.06582236289978027, "passed": false}, "9": {"execution_time": 0.056850433349609375, "passed": false}, "10": {"execution_time": 0.06183171272277832, "passed": false}, "11": {"execution_time": 0.07280588150024414, "passed": false}, "12": {"execution_time": 0.05385470390319824, "passed": false}}}, "pylint_score": "-2/10"}