{"version": "1", "message": "ERROR: Hidden Testcases server unreachable.", "problem_id": "m19_a1", "user_id": "madhavimvh", "score": {"sample": {"0": {"execution_time": 0.10571718215942383, "passed": false}, "1": {"execution_time": 0.05385589599609375, "passed": false}, "2": {"execution_time": 0.0638282299041748, "passed": false}, "3": {"execution_time": 0.05385732650756836, "passed": false}, "4": {"execution_time": 0.05784463882446289, "passed": false}, "5": {"execution_time": 0.06482625007629395, "passed": false}, "6": {"execution_time": 0.050863027572631836, "passed": false}, "7": {"execution_time": 0.12368178367614746, "passed": false}, "8": {"execution_time": 0.07779097557067871, "passed": false}, "9": {"execution_time": 0.09474635124206543, "passed": false}, "10": {"execution_time": 0.09579682350158691, "passed": false}, "11": {"execution_time": 0.1596052646636963, "passed": false}, "12": {"execution_time": 0.08377504348754883, "passed": false}}}, "pylint_score": "-2/10"}