{"version": "1", "message": "ERROR: Hidden Testcases server unreachable.", "problem_id": "m19_a1", "user_id": "madhavimvh", "score": {"sample": {"0": {"execution_time": 0.14858341217041016, "passed": false}, "1": {"execution_time": 0.06183218955993652, "passed": false}, "2": {"execution_time": 0.05880999565124512, "passed": false}, "3": {"execution_time": 0.059839487075805664, "passed": false}, "4": {"execution_time": 0.0578458309173584, "passed": false}, "5": {"execution_time": 0.051860809326171875, "passed": false}, "6": {"execution_time": 0.06283140182495117, "passed": false}, "7": {"execution_time": 0.06681990623474121, "passed": false}, "8": {"execution_time": 0.05983996391296387, "passed": false}, "9": {"execution_time": 0.059839487075805664, "passed": false}, "10": {"execution_time": 0.06781888008117676, "passed": false}, "11": {"execution_time": 0.06786370277404785, "passed": false}, "12": {"execution_time": 0.053856849670410156, "passed": false}}}, "pylint_score": "-29/10"}