{"version": "1", "message": "ERROR: Hidden Testcases server unreachable.", "problem_id": "m19_a1", "user_id": "madhavimvh", "score": {"sample": {"0": {"execution_time": 0.5360634326934814, "passed": false}, "1": {"execution_time": 0.07379722595214844, "passed": false}, "2": {"execution_time": 0.15259146690368652, "passed": false}, "3": {"execution_time": 0.1436145305633545, "passed": false}, "4": {"execution_time": 0.10970759391784668, "passed": false}, "5": {"execution_time": 0.12067747116088867, "passed": false}, "6": {"execution_time": 0.0997319221496582, "passed": false}, "7": {"execution_time": 0.19747376441955566, "passed": false}, "8": {"execution_time": 0.118682861328125, "passed": false}, "9": {"execution_time": 0.12267231941223145, "passed": false}, "10": {"execution_time": 0.20745086669921875, "passed": false}, "11": {"execution_time": 0.06881380081176758, "passed": false}, "12": {"execution_time": 0.05884075164794922, "passed": false}}}, "pylint_score": "-22/10"}