{"version": "1", "message": "ERROR: Hidden Testcases server unreachable.", "problem_id": "m19_a1", "user_id": "madhavimvh", "score": {"sample": {"0": {"execution_time": 0.08090758323669434, "passed": false}, "1": {"execution_time": 0.0468747615814209, "passed": false}, "2": {"execution_time": 0.04787087440490723, "passed": false}, "3": {"execution_time": 0.05186176300048828, "passed": false}, "4": {"execution_time": 0.04886889457702637, "passed": false}, "5": {"execution_time": 0.04787278175354004, "passed": true}, "6": {"execution_time": 0.0468745231628418, "passed": true}, "7": {"execution_time": 0.047870635986328125, "passed": true}, "8": {"execution_time": 0.04986763000488281, "passed": true}, "9": {"execution_time": 0.046874046325683594, "passed": false}, "10": {"execution_time": 0.0468747615814209, "passed": false}, "11": {"execution_time": 0.04787254333496094, "passed": false}, "12": {"execution_time": 0.04787087440490723, "passed": true}}}, "pylint_score": "-2/10"}