{"version": "1", "message": "ERROR: Hidden Testcases server unreachable.", "problem_id": "m19_a1", "user_id": "madhavimvh", "score": {"sample": {"0": {"execution_time": 0.135270357131958, "passed": false}, "1": {"execution_time": 0.050827741622924805, "passed": false}, "2": {"execution_time": 0.06284427642822266, "passed": false}, "3": {"execution_time": 0.05086207389831543, "passed": false}, "4": {"execution_time": 0.0628352165222168, "passed": false}, "5": {"execution_time": 0.04886960983276367, "passed": false}, "6": {"execution_time": 0.05884265899658203, "passed": false}, "7": {"execution_time": 0.0658261775970459, "passed": false}, "8": {"execution_time": 0.047873497009277344, "passed": false}, "9": {"execution_time": 0.04587674140930176, "passed": false}, "10": {"execution_time": 0.06482553482055664, "passed": false}, "11": {"execution_time": 0.0618438720703125, "passed": false}, "12": {"execution_time": 0.052858591079711914, "passed": false}}}, "pylint_score": "-22/10"}