{"version": "1", "message": "ERROR: Hidden Testcases server unreachable.", "problem_id": "m19_a1", "user_id": "madhavimvh", "score": {"sample": {"0": {"execution_time": 0.1008291244506836, "passed": false}, "1": {"execution_time": 0.0658259391784668, "passed": false}, "2": {"execution_time": 0.054851531982421875, "passed": false}, "3": {"execution_time": 0.05983877182006836, "passed": false}, "4": {"execution_time": 0.05186176300048828, "passed": false}, "5": {"execution_time": 0.05984807014465332, "passed": false}, "6": {"execution_time": 0.05185341835021973, "passed": false}, "7": {"execution_time": 0.06482553482055664, "passed": false}, "8": {"execution_time": 0.07579445838928223, "passed": false}, "9": {"execution_time": 0.052858591079711914, "passed": false}, "10": {"execution_time": 0.09574341773986816, "passed": false}, "11": {"execution_time": 0.05385541915893555, "passed": false}, "12": {"execution_time": 0.058843135833740234, "passed": false}}}, "pylint_score": "-2/10"}