{"version": "1", "message": "ERROR: Hidden Testcases server unreachable.", "problem_id": "m19_a1", "user_id": "madhavimvh", "score": {"sample": {"0": {"execution_time": 0.0827784538269043, "passed": false}, "1": {"execution_time": 0.05485343933105469, "passed": false}, "2": {"execution_time": 0.06382894515991211, "passed": false}, "3": {"execution_time": 0.06084132194519043, "passed": false}, "4": {"execution_time": 0.07081246376037598, "passed": false}, "5": {"execution_time": 0.10671615600585938, "passed": false}, "6": {"execution_time": 0.09773635864257812, "passed": false}, "7": {"execution_time": 0.19757676124572754, "passed": false}, "8": {"execution_time": 0.14268136024475098, "passed": false}, "9": {"execution_time": 0.07481122016906738, "passed": false}, "10": {"execution_time": 0.06283092498779297, "passed": false}, "11": {"execution_time": 0.07380294799804688, "passed": false}, "12": {"execution_time": 0.05884361267089844, "passed": false}}}, "pylint_score": "-2/10"}