{"version": "1", "message": "ERROR: Hidden Testcases server unreachable.", "problem_id": "m19_a1", "user_id": "madhavimvh", "score": {"sample": {"0": {"execution_time": 0.2076563835144043, "passed": false}, "1": {"execution_time": 0.05185532569885254, "passed": false}, "2": {"execution_time": 0.06781888008117676, "passed": false}, "3": {"execution_time": 0.051860809326171875, "passed": false}, "4": {"execution_time": 0.06781888008117676, "passed": false}, "5": {"execution_time": 0.05685305595397949, "passed": false}, "6": {"execution_time": 0.06881070137023926, "passed": false}, "7": {"execution_time": 0.10572314262390137, "passed": false}, "8": {"execution_time": 0.05883622169494629, "passed": false}, "9": {"execution_time": 0.0578460693359375, "passed": false}, "10": {"execution_time": 0.06482696533203125, "passed": false}, "11": {"execution_time": 0.07900404930114746, "passed": false}, "12": {"execution_time": 0.06582522392272949, "passed": false}}}, "pylint_score": "-24/10"}