{"version": "1", "message": "ERROR: Hidden Testcases server unreachable.", "problem_id": "m19_a1", "user_id": "madhavimvh", "score": {"sample": {"0": {"execution_time": 0.07459640502929688, "passed": false}, "1": {"execution_time": 0.052858829498291016, "passed": false}, "2": {"execution_time": 0.059838294982910156, "passed": false}, "3": {"execution_time": 0.05086398124694824, "passed": false}, "4": {"execution_time": 0.049867868423461914, "passed": false}, "5": {"execution_time": 0.046874284744262695, "passed": true}, "6": {"execution_time": 0.04886913299560547, "passed": true}, "7": {"execution_time": 0.04787778854370117, "passed": true}, "8": {"execution_time": 0.04587697982788086, "passed": true}, "9": {"execution_time": 0.05086183547973633, "passed": false}, "10": {"execution_time": 0.04689335823059082, "passed": false}, "11": {"execution_time": 0.04685568809509277, "passed": false}, "12": {"execution_time": 0.04587531089782715, "passed": true}}}, "pylint_score": "-3/10"}