{"version": "1", "message": "ERROR: Hidden Testcases server unreachable.", "problem_id": "m19_a1", "user_id": "madhavimvh", "score": {"sample": {"0": {"execution_time": 0.07479977607727051, "passed": false}, "1": {"execution_time": 0.0658254623413086, "passed": false}, "2": {"execution_time": 0.07081794738769531, "passed": false}, "3": {"execution_time": 0.06183218955993652, "passed": false}, "4": {"execution_time": 0.06482696533203125, "passed": false}, "5": {"execution_time": 0.07978653907775879, "passed": false}, "6": {"execution_time": 0.05884122848510742, "passed": false}, "7": {"execution_time": 0.07779431343078613, "passed": false}, "8": {"execution_time": 0.07779192924499512, "passed": false}, "9": {"execution_time": 0.07380175590515137, "passed": false}, "10": {"execution_time": 0.08178186416625977, "passed": false}, "11": {"execution_time": 0.10173153877258301, "passed": false}, "12": {"execution_time": 0.08384943008422852, "passed": false}}}, "pylint_score": "-2/10"}