{"version": "1", "message": "ERROR: Hidden Testcases server unreachable.", "problem_id": "m19_a1", "user_id": "madhavimvh", "score": {"sample": {"0": {"execution_time": 0.08976054191589355, "passed": true}, "1": {"execution_time": 0.05585169792175293, "passed": true}, "2": {"execution_time": 0.05784416198730469, "passed": true}, "3": {"execution_time": 0.05086398124694824, "passed": true}, "4": {"execution_time": 0.04787278175354004, "passed": true}, "5": {"execution_time": 0.04787278175354004, "passed": true}, "6": {"execution_time": 0.04886889457702637, "passed": false}, "7": {"execution_time": 0.04986715316772461, "passed": false}, "8": {"execution_time": 0.050864219665527344, "passed": false}, "9": {"execution_time": 0.04587817192077637, "passed": false}, "10": {"execution_time": 0.05485343933105469, "passed": false}, "11": {"execution_time": 0.07080984115600586, "passed": false}, "12": {"execution_time": 0.05086326599121094, "passed": false}}}, "pylint_score": "-2/10"}