{"version": "1", "message": "ERROR: Hidden Testcases server unreachable.", "problem_id": "m19_a1", "user_id": "madhavimvh", "score": {"sample": {"0": {"execution_time": 0.09474802017211914, "passed": false}, "1": {"execution_time": 0.0747981071472168, "passed": false}, "2": {"execution_time": 0.052855730056762695, "passed": false}, "3": {"execution_time": 0.06284379959106445, "passed": false}, "4": {"execution_time": 0.05985116958618164, "passed": false}, "5": {"execution_time": 0.05184435844421387, "passed": false}, "6": {"execution_time": 0.05185961723327637, "passed": false}, "7": {"execution_time": 0.06781625747680664, "passed": false}, "8": {"execution_time": 0.0608367919921875, "passed": false}, "9": {"execution_time": 0.07184195518493652, "passed": false}, "10": {"execution_time": 0.06681489944458008, "passed": false}, "11": {"execution_time": 0.06582331657409668, "passed": false}, "12": {"execution_time": 0.056847572326660156, "passed": false}}}, "pylint_score": "-2/10"}