{"version": "1", "message": "ERROR: Hidden Testcases server unreachable.", "problem_id": "m19_a1", "user_id": "madhavimvh", "score": {"sample": {"0": {"execution_time": 0.08292531967163086, "passed": false}, "1": {"execution_time": 0.046875, "passed": false}, "2": {"execution_time": 0.04587841033935547, "passed": false}, "3": {"execution_time": 0.04388165473937988, "passed": false}, "4": {"execution_time": 0.04487895965576172, "passed": true}, "5": {"execution_time": 0.043843746185302734, "passed": true}, "6": {"execution_time": 0.04886937141418457, "passed": false}, "7": {"execution_time": 0.04489707946777344, "passed": false}, "8": {"execution_time": 0.04488015174865723, "passed": false}, "9": {"execution_time": 0.045876502990722656, "passed": false}, "10": {"execution_time": 0.04487967491149902, "passed": false}, "11": {"execution_time": 0.04986882209777832, "passed": false}, "12": {"execution_time": 0.04786968231201172, "passed": false}}}, "pylint_score": "-2/10"}