{"version": "1", "message": "ERROR: Hidden Testcases server unreachable.", "problem_id": "m19_a1", "user_id": "madhavimvh", "score": {"sample": {"0": {"execution_time": 0.1080617904663086, "passed": false}, "1": {"execution_time": 0.04488229751586914, "passed": false}, "2": {"execution_time": 0.0468900203704834, "passed": false}, "3": {"execution_time": 0.0458829402923584, "passed": false}, "4": {"execution_time": 0.050893545150756836, "passed": false}, "5": {"execution_time": 0.04587697982788086, "passed": true}, "6": {"execution_time": 0.05182528495788574, "passed": true}, "7": {"execution_time": 0.06123661994934082, "passed": true}, "8": {"execution_time": 0.044881582260131836, "passed": true}, "9": {"execution_time": 0.0528562068939209, "passed": false}, "10": {"execution_time": 0.06695413589477539, "passed": false}, "11": {"execution_time": 0.06981348991394043, "passed": false}, "12": {"execution_time": 0.07080888748168945, "passed": true}}}, "pylint_score": "-2/10"}