{"version": "1", "message": "ERROR: Hidden Testcases server unreachable.", "problem_id": "m19_a1", "user_id": "madhavimvh", "score": {"sample": {"0": {"execution_time": 0.15676569938659668, "passed": false}, "1": {"execution_time": 0.05585122108459473, "passed": false}, "2": {"execution_time": 0.06683969497680664, "passed": false}, "3": {"execution_time": 0.05285763740539551, "passed": false}, "4": {"execution_time": 0.061827659606933594, "passed": false}, "5": {"execution_time": 0.06082773208618164, "passed": false}, "6": {"execution_time": 0.0638284683227539, "passed": false}, "7": {"execution_time": 0.07579898834228516, "passed": false}, "8": {"execution_time": 0.0578463077545166, "passed": false}, "9": {"execution_time": 0.06682538986206055, "passed": false}, "10": {"execution_time": 0.0608367919921875, "passed": false}, "11": {"execution_time": 0.14786648750305176, "passed": false}, "12": {"execution_time": 0.10574603080749512, "passed": false}}}, "pylint_score": "-24/10"}