{"version": "1", "message": "ERROR: Hidden Testcases server unreachable.", "problem_id": "m19_a1", "user_id": "madhavimvh", "score": {"sample": {"0": {"execution_time": 0.14660859107971191, "passed": false}, "1": {"execution_time": 0.06682085990905762, "passed": false}, "2": {"execution_time": 0.07779312133789062, "passed": false}, "3": {"execution_time": 0.055849313735961914, "passed": false}, "4": {"execution_time": 0.0827791690826416, "passed": false}, "5": {"execution_time": 0.04986929893493652, "passed": false}, "6": {"execution_time": 0.05684661865234375, "passed": false}, "7": {"execution_time": 0.051868438720703125, "passed": false}, "8": {"execution_time": 0.052857160568237305, "passed": false}, "9": {"execution_time": 0.04986715316772461, "passed": false}, "10": {"execution_time": 0.058843374252319336, "passed": false}, "11": {"execution_time": 0.054851531982421875, "passed": false}, "12": {"execution_time": 0.05585122108459473, "passed": false}}}, "pylint_score": "-6/10"}