{"version": "1", "message": "ERROR: Hidden Testcases server unreachable.", "problem_id": "m19_a1", "user_id": "madhavimvh", "score": {"sample": {"0": {"execution_time": 0.0969228744506836, "passed": true}, "1": {"execution_time": 0.06283235549926758, "passed": true}, "2": {"execution_time": 0.0638284683227539, "passed": true}, "3": {"execution_time": 0.05684852600097656, "passed": true}, "4": {"execution_time": 0.05984067916870117, "passed": true}, "5": {"execution_time": 0.050855159759521484, "passed": false}, "6": {"execution_time": 0.06482529640197754, "passed": false}, "7": {"execution_time": 0.06382894515991211, "passed": false}, "8": {"execution_time": 0.0598299503326416, "passed": false}, "9": {"execution_time": 0.0718543529510498, "passed": false}, "10": {"execution_time": 0.06183481216430664, "passed": false}, "11": {"execution_time": 0.06483769416809082, "passed": false}, "12": {"execution_time": 0.06687402725219727, "passed": false}}}, "pylint_score": "-2/10"}