{"version": "1", "message": "ERROR: Hidden Testcases server unreachable.", "problem_id": "m19_a1", "user_id": "madhavimvh", "score": {"sample": {"0": {"execution_time": 0.07680130004882812, "passed": false}, "1": {"execution_time": 0.05086374282836914, "passed": false}, "2": {"execution_time": 0.04986715316772461, "passed": false}, "3": {"execution_time": 0.0498661994934082, "passed": false}, "4": {"execution_time": 0.04687380790710449, "passed": false}, "5": {"execution_time": 0.04684567451477051, "passed": true}, "6": {"execution_time": 0.045874834060668945, "passed": true}, "7": {"execution_time": 0.04587721824645996, "passed": true}, "8": {"execution_time": 0.045873165130615234, "passed": true}, "9": {"execution_time": 0.05086326599121094, "passed": false}, "10": {"execution_time": 0.04787325859069824, "passed": false}, "11": {"execution_time": 0.05086541175842285, "passed": false}, "12": {"execution_time": 0.04886960983276367, "passed": true}}}, "pylint_score": "-3/10"}