{"version": "1", "message": "ERROR: Hidden Testcases server unreachable.", "problem_id": "m19_a1", "user_id": "madhavimvh", "score": {"sample": {"0": {"execution_time": 0.09873533248901367, "passed": false}, "1": {"execution_time": 0.07281136512756348, "passed": false}, "2": {"execution_time": 0.06782078742980957, "passed": false}, "3": {"execution_time": 0.06282997131347656, "passed": false}, "4": {"execution_time": 0.06582427024841309, "passed": false}, "5": {"execution_time": 0.07579708099365234, "passed": false}, "6": {"execution_time": 0.1605699062347412, "passed": false}, "7": {"execution_time": 0.06383037567138672, "passed": false}, "8": {"execution_time": 0.07579612731933594, "passed": false}, "9": {"execution_time": 0.06981539726257324, "passed": false}, "10": {"execution_time": 0.0718076229095459, "passed": false}, "11": {"execution_time": 0.06283378601074219, "passed": false}, "12": {"execution_time": 0.08178043365478516, "passed": false}}}, "pylint_score": "-5/10"}