{"version": "1", "message": "ERROR: Hidden Testcases server unreachable.", "problem_id": "m19_a1", "user_id": "madhavimvh", "score": {"sample": {"0": {"execution_time": 0.20903253555297852, "passed": true}, "1": {"execution_time": 0.059839725494384766, "passed": true}, "2": {"execution_time": 0.06283164024353027, "passed": true}, "3": {"execution_time": 0.08377528190612793, "passed": true}, "4": {"execution_time": 0.07380509376525879, "passed": true}, "5": {"execution_time": 0.06981325149536133, "passed": true}, "6": {"execution_time": 0.07679510116577148, "passed": true}, "7": {"execution_time": 0.05385589599609375, "passed": true}, "8": {"execution_time": 0.07380223274230957, "passed": true}, "9": {"execution_time": 0.08377575874328613, "passed": true}, "10": {"execution_time": 0.0638279914855957, "passed": true}, "11": {"execution_time": 0.05385613441467285, "passed": false}, "12": {"execution_time": 0.05884242057800293, "passed": true}}}, "pylint_score": "-2/10"}