{"version": "1", "message": "ERROR: Hidden Testcases server unreachable.", "problem_id": "m19_a1", "user_id": "madhavimvh", "score": {"sample": {"0": {"execution_time": 0.07080936431884766, "passed": false}, "1": {"execution_time": 0.07080745697021484, "passed": false}, "2": {"execution_time": 0.05684947967529297, "passed": false}, "3": {"execution_time": 0.05884289741516113, "passed": false}, "4": {"execution_time": 0.058858633041381836, "passed": false}, "5": {"execution_time": 0.05185508728027344, "passed": false}, "6": {"execution_time": 0.05885434150695801, "passed": false}, "7": {"execution_time": 0.059815168380737305, "passed": false}, "8": {"execution_time": 0.07080864906311035, "passed": false}, "9": {"execution_time": 0.12174463272094727, "passed": false}, "10": {"execution_time": 0.05784440040588379, "passed": false}, "11": {"execution_time": 0.07982230186462402, "passed": false}, "12": {"execution_time": 0.06781911849975586, "passed": false}}}, "pylint_score": "-2/10"}