{"version": "1", "message": "ERROR: Hidden Testcases server unreachable.", "problem_id": "m19_a1", "user_id": "madhavimvh", "score": {"sample": {"0": {"execution_time": 0.23102951049804688, "passed": false}, "1": {"execution_time": 0.051863908767700195, "passed": false}, "2": {"execution_time": 0.06981229782104492, "passed": false}, "3": {"execution_time": 0.07380270957946777, "passed": false}, "4": {"execution_time": 0.08876252174377441, "passed": false}, "5": {"execution_time": 0.07280564308166504, "passed": false}, "6": {"execution_time": 0.07190251350402832, "passed": false}, "7": {"execution_time": 0.061835289001464844, "passed": false}, "8": {"execution_time": 0.06882405281066895, "passed": false}, "9": {"execution_time": 0.057837724685668945, "passed": false}, "10": {"execution_time": 0.059839487075805664, "passed": false}, "11": {"execution_time": 0.05585002899169922, "passed": false}, "12": {"execution_time": 0.04986691474914551, "passed": false}}}, "pylint_score": "-2/10"}