{"version": "1", "message": "ERROR: Hidden Testcases server unreachable.", "problem_id": "m19_a1", "user_id": "madhavimvh", "score": {"sample": {"0": {"execution_time": 0.07386636734008789, "passed": true}, "1": {"execution_time": 0.059845685958862305, "passed": true}, "2": {"execution_time": 0.052846670150756836, "passed": true}, "3": {"execution_time": 0.05884289741516113, "passed": true}, "4": {"execution_time": 0.06382894515991211, "passed": true}, "5": {"execution_time": 0.057852745056152344, "passed": false}, "6": {"execution_time": 0.07078886032104492, "passed": false}, "7": {"execution_time": 0.056847333908081055, "passed": false}, "8": {"execution_time": 0.07878899574279785, "passed": false}, "9": {"execution_time": 0.05684852600097656, "passed": false}, "10": {"execution_time": 0.06582522392272949, "passed": false}, "11": {"execution_time": 0.06183171272277832, "passed": false}, "12": {"execution_time": 0.05385541915893555, "passed": false}}}, "pylint_score": "-2/10"}