{"version": "1", "message": "ERROR: Hidden Testcases server unreachable.", "problem_id": "m19_a1", "user_id": "madhavimvh", "score": {"sample": {"0": {"execution_time": 0.06382870674133301, "passed": false}, "1": {"execution_time": 0.05385994911193848, "passed": false}, "2": {"execution_time": 0.06282830238342285, "passed": false}, "3": {"execution_time": 0.05584859848022461, "passed": false}, "4": {"execution_time": 0.05186176300048828, "passed": false}, "5": {"execution_time": 0.07280492782592773, "passed": false}, "6": {"execution_time": 0.05086350440979004, "passed": false}, "7": {"execution_time": 0.07280468940734863, "passed": false}, "8": {"execution_time": 0.052857398986816406, "passed": false}, "9": {"execution_time": 0.06383013725280762, "passed": false}, "10": {"execution_time": 0.05385589599609375, "passed": false}, "11": {"execution_time": 0.06582355499267578, "passed": false}, "12": {"execution_time": 0.08577108383178711, "passed": false}}}, "pylint_score": "-2/10"}