{"version": "1", "message": "ERROR: Hidden Testcases server unreachable.", "problem_id": "m19_a1", "user_id": "madhavimvh", "score": {"sample": {"0": {"execution_time": 0.08478164672851562, "passed": false}, "1": {"execution_time": 0.052846431732177734, "passed": false}, "2": {"execution_time": 0.07380270957946777, "passed": false}, "3": {"execution_time": 0.053855180740356445, "passed": false}, "4": {"execution_time": 0.06183600425720215, "passed": false}, "5": {"execution_time": 0.05086183547973633, "passed": false}, "6": {"execution_time": 0.06283020973205566, "passed": false}, "7": {"execution_time": 0.054852962493896484, "passed": false}, "8": {"execution_time": 0.07080411911010742, "passed": false}, "9": {"execution_time": 0.09679627418518066, "passed": false}, "10": {"execution_time": 0.06781816482543945, "passed": false}, "11": {"execution_time": 0.07280492782592773, "passed": false}, "12": {"execution_time": 0.08377909660339355, "passed": false}}}, "pylint_score": "-2/10"}