{"version": "1", "message": "ERROR: Hidden Testcases server unreachable.", "problem_id": "m19_a1", "user_id": "madhavimvh", "score": {"sample": {"0": {"execution_time": 0.11421656608581543, "passed": false}, "1": {"execution_time": 0.053858041763305664, "passed": false}, "2": {"execution_time": 0.05485248565673828, "passed": false}, "3": {"execution_time": 0.04886937141418457, "passed": false}, "4": {"execution_time": 0.05584979057312012, "passed": false}, "5": {"execution_time": 0.05285954475402832, "passed": false}, "6": {"execution_time": 0.0638279914855957, "passed": false}, "7": {"execution_time": 0.050866127014160156, "passed": false}, "8": {"execution_time": 0.054851531982421875, "passed": false}, "9": {"execution_time": 0.051857948303222656, "passed": false}, "10": {"execution_time": 0.0578458309173584, "passed": false}, "11": {"execution_time": 0.053858041763305664, "passed": false}, "12": {"execution_time": 0.05683612823486328, "passed": false}}}, "pylint_score": "-15/10"}