{"version": "1", "message": "ERROR: Hidden Testcases server unreachable.", "problem_id": "m19_a1", "user_id": "madhavimvh", "score": {"sample": {"0": {"execution_time": 0.11298251152038574, "passed": false}, "1": {"execution_time": 0.045877695083618164, "passed": false}, "2": {"execution_time": 0.04787111282348633, "passed": false}, "3": {"execution_time": 0.04487872123718262, "passed": false}, "4": {"execution_time": 0.04488015174865723, "passed": false}, "5": {"execution_time": 0.04986739158630371, "passed": false}, "6": {"execution_time": 0.25692296028137207, "passed": false}, "7": {"execution_time": 0.04687690734863281, "passed": false}, "8": {"execution_time": 0.047870635986328125, "passed": false}, "9": {"execution_time": 0.052858591079711914, "passed": false}, "10": {"execution_time": 0.0468745231628418, "passed": false}, "11": {"execution_time": 0.04386448860168457, "passed": false}, "12": {"execution_time": 0.042883872985839844, "passed": false}}}, "pylint_score": "-2/10"}