{"version": "1", "message": "ERROR: Hidden Testcases server unreachable.", "problem_id": "m19_a1", "user_id": "madhavimvh", "score": {"sample": {"0": {"execution_time": 0.07486891746520996, "passed": true}, "1": {"execution_time": 0.05287337303161621, "passed": true}, "2": {"execution_time": 0.05086469650268555, "passed": true}, "3": {"execution_time": 0.04787254333496094, "passed": true}, "4": {"execution_time": 0.045876502990722656, "passed": true}, "5": {"execution_time": 0.04385018348693848, "passed": true}, "6": {"execution_time": 0.04687380790710449, "passed": false}, "7": {"execution_time": 0.07081270217895508, "passed": false}, "8": {"execution_time": 0.0608370304107666, "passed": false}, "9": {"execution_time": 0.053856849670410156, "passed": false}, "10": {"execution_time": 0.06681370735168457, "passed": false}, "11": {"execution_time": 0.04887533187866211, "passed": false}, "12": {"execution_time": 0.049868106842041016, "passed": false}}}, "pylint_score": "-2/10"}