{"version": "1", "message": "ERROR: Hidden Testcases server unreachable.", "problem_id": "m19_a1", "user_id": "madhavimvh", "score": {"sample": {"0": {"execution_time": 0.06280303001403809, "passed": false}, "1": {"execution_time": 0.0468747615814209, "passed": false}, "2": {"execution_time": 0.04587697982788086, "passed": false}, "3": {"execution_time": 0.04584789276123047, "passed": false}, "4": {"execution_time": 0.04587697982788086, "passed": false}, "5": {"execution_time": 0.04487895965576172, "passed": true}, "6": {"execution_time": 0.045877933502197266, "passed": true}, "7": {"execution_time": 0.046872854232788086, "passed": true}, "8": {"execution_time": 0.044879913330078125, "passed": true}, "9": {"execution_time": 0.04587674140930176, "passed": false}, "10": {"execution_time": 0.044884681701660156, "passed": false}, "11": {"execution_time": 0.04487919807434082, "passed": false}, "12": {"execution_time": 0.046874284744262695, "passed": true}}}, "pylint_score": "-2/10"}