{"version": "1", "message": "ERROR: Hidden Testcases server unreachable.", "problem_id": "m19_a1", "user_id": "madhavimvh", "score": {"sample": {"0": {"execution_time": 0.09874105453491211, "passed": true}, "1": {"execution_time": 0.05285763740539551, "passed": true}, "2": {"execution_time": 0.06083869934082031, "passed": true}, "3": {"execution_time": 0.054846763610839844, "passed": true}, "4": {"execution_time": 0.05984163284301758, "passed": true}, "5": {"execution_time": 0.06182050704956055, "passed": false}, "6": {"execution_time": 0.06582307815551758, "passed": false}, "7": {"execution_time": 0.23381829261779785, "passed": false}, "8": {"execution_time": 0.05884289741516113, "passed": false}, "9": {"execution_time": 0.06183147430419922, "passed": false}, "10": {"execution_time": 0.08178019523620605, "passed": false}, "11": {"execution_time": 0.0747990608215332, "passed": false}, "12": {"execution_time": 0.08581900596618652, "passed": false}}}, "pylint_score": "-2/10"}