{"version": "1", "message": "ERROR: Hidden Testcases server unreachable.", "problem_id": "m19_a1", "user_id": "madhavimvh", "score": {"sample": {"0": {"execution_time": 0.10076737403869629, "passed": false}, "1": {"execution_time": 0.06682157516479492, "passed": false}, "2": {"execution_time": 0.06682801246643066, "passed": false}, "3": {"execution_time": 0.06283259391784668, "passed": false}, "4": {"execution_time": 0.05385708808898926, "passed": false}, "5": {"execution_time": 0.0638279914855957, "passed": false}, "6": {"execution_time": 0.05884575843811035, "passed": false}, "7": {"execution_time": 0.07080888748168945, "passed": false}, "8": {"execution_time": 0.08776378631591797, "passed": false}, "9": {"execution_time": 0.07381343841552734, "passed": false}, "10": {"execution_time": 0.06182694435119629, "passed": false}, "11": {"execution_time": 0.09976840019226074, "passed": false}, "12": {"execution_time": 0.08879661560058594, "passed": false}}}, "pylint_score": "-2/10"}