{"version": "1", "message": "ERROR: Hidden Testcases server unreachable.", "problem_id": "m19_a1", "user_id": "madhavimvh", "score": {"sample": {"0": {"execution_time": 0.08604216575622559, "passed": true}, "1": {"execution_time": 0.04587674140930176, "passed": true}, "2": {"execution_time": 0.04488015174865723, "passed": true}, "3": {"execution_time": 0.046875715255737305, "passed": true}, "4": {"execution_time": 0.049867868423461914, "passed": true}, "5": {"execution_time": 0.04687666893005371, "passed": true}, "6": {"execution_time": 0.04986429214477539, "passed": true}, "7": {"execution_time": 0.048868417739868164, "passed": true}, "8": {"execution_time": 0.04886960983276367, "passed": true}, "9": {"execution_time": 0.046875953674316406, "passed": false}, "10": {"execution_time": 0.04584050178527832, "passed": false}, "11": {"execution_time": 0.04787397384643555, "passed": false}, "12": {"execution_time": 0.04886460304260254, "passed": true}}}, "pylint_score": "-2/10"}