{"version": "1", "message": "ERROR: Hidden Testcases server unreachable.", "problem_id": "m19_a1", "user_id": "madhavimvh", "score": {"sample": {"0": {"execution_time": 0.0979316234588623, "passed": true}, "1": {"execution_time": 0.05385756492614746, "passed": true}, "2": {"execution_time": 0.05884051322937012, "passed": true}, "3": {"execution_time": 0.05385613441467285, "passed": true}, "4": {"execution_time": 0.0638265609741211, "passed": true}, "5": {"execution_time": 0.05387306213378906, "passed": false}, "6": {"execution_time": 0.05584430694580078, "passed": false}, "7": {"execution_time": 0.05983710289001465, "passed": false}, "8": {"execution_time": 0.04986715316772461, "passed": false}, "9": {"execution_time": 0.06682562828063965, "passed": false}, "10": {"execution_time": 0.056838274002075195, "passed": false}, "11": {"execution_time": 0.061834096908569336, "passed": false}, "12": {"execution_time": 0.05285811424255371, "passed": false}}}, "pylint_score": "-3/10"}