{"version": "1", "message": "ERROR: Hidden Testcases server unreachable.", "problem_id": "m19_a1", "user_id": "madhavimvh", "score": {"sample": {"0": {"execution_time": 0.14100408554077148, "passed": false}, "1": {"execution_time": 0.05084347724914551, "passed": false}, "2": {"execution_time": 0.05784153938293457, "passed": false}, "3": {"execution_time": 0.050864219665527344, "passed": false}, "4": {"execution_time": 0.054781436920166016, "passed": false}, "5": {"execution_time": 0.05286359786987305, "passed": false}, "6": {"execution_time": 0.04786181449890137, "passed": false}, "7": {"execution_time": 0.05485367774963379, "passed": false}, "8": {"execution_time": 0.059851884841918945, "passed": false}, "9": {"execution_time": 0.0747995376586914, "passed": false}, "10": {"execution_time": 0.06383156776428223, "passed": false}, "11": {"execution_time": 0.06790351867675781, "passed": false}, "12": {"execution_time": 0.055857181549072266, "passed": false}}}, "pylint_score": "-5/10"}