{"version": "1", "message": "ERROR: Hidden Testcases server unreachable.", "problem_id": "m19_a1", "user_id": "madhavimvh", "score": {"sample": {"0": {"execution_time": 0.0813758373260498, "passed": true}, "1": {"execution_time": 0.04587435722351074, "passed": true}, "2": {"execution_time": 0.045876502990722656, "passed": true}, "3": {"execution_time": 0.04688143730163574, "passed": true}, "4": {"execution_time": 0.0478663444519043, "passed": true}, "5": {"execution_time": 0.0458834171295166, "passed": true}, "6": {"execution_time": 0.04587888717651367, "passed": false}, "7": {"execution_time": 0.04587745666503906, "passed": false}, "8": {"execution_time": 0.043883323669433594, "passed": false}, "9": {"execution_time": 0.04487872123718262, "passed": false}, "10": {"execution_time": 0.04385542869567871, "passed": false}, "11": {"execution_time": 0.052858829498291016, "passed": false}, "12": {"execution_time": 0.04488062858581543, "passed": false}}}, "pylint_score": "-2/10"}