{"version": "1", "message": "ERROR: Hidden Testcases server unreachable.", "problem_id": "m19_a1", "user_id": "madhavimvh", "score": {"sample": {"0": {"execution_time": 0.07878828048706055, "passed": true}, "1": {"execution_time": 0.19931578636169434, "passed": true}, "2": {"execution_time": 0.07592558860778809, "passed": true}, "3": {"execution_time": 0.056847333908081055, "passed": true}, "4": {"execution_time": 0.0518496036529541, "passed": true}, "5": {"execution_time": 0.05982184410095215, "passed": true}, "6": {"execution_time": 0.06382894515991211, "passed": true}, "7": {"execution_time": 0.054852962493896484, "passed": true}, "8": {"execution_time": 0.0608370304107666, "passed": true}, "9": {"execution_time": 0.05182194709777832, "passed": true}, "10": {"execution_time": 0.06183457374572754, "passed": false}, "11": {"execution_time": 0.05385637283325195, "passed": false}, "12": {"execution_time": 0.057845115661621094, "passed": true}}}, "pylint_score": "-2/10"}