{"version": "1", "message": "ERROR: Hidden Testcases server unreachable.", "problem_id": "m19_a1", "user_id": "madhavimvh", "score": {"sample": {"0": {"execution_time": 0.07280445098876953, "passed": false}, "1": {"execution_time": 0.06281638145446777, "passed": false}, "2": {"execution_time": 0.05385637283325195, "passed": false}, "3": {"execution_time": 0.05982828140258789, "passed": false}, "4": {"execution_time": 0.050863027572631836, "passed": false}, "5": {"execution_time": 0.06083798408508301, "passed": false}, "6": {"execution_time": 0.05086326599121094, "passed": false}, "7": {"execution_time": 0.06482791900634766, "passed": false}, "8": {"execution_time": 0.05884194374084473, "passed": false}, "9": {"execution_time": 0.10281634330749512, "passed": false}, "10": {"execution_time": 0.06482601165771484, "passed": false}, "11": {"execution_time": 0.07488632202148438, "passed": false}, "12": {"execution_time": 0.06881594657897949, "passed": false}}}, "pylint_score": "-2/10"}