{"version": "1", "message": "ERROR: Hidden Testcases server unreachable.", "problem_id": "m19_a1", "user_id": "madhavimvh", "score": {"sample": {"0": {"execution_time": 0.07978153228759766, "passed": false}, "1": {"execution_time": 0.05983924865722656, "passed": false}, "2": {"execution_time": 0.05984044075012207, "passed": false}, "3": {"execution_time": 0.05684661865234375, "passed": false}, "4": {"execution_time": 0.06981444358825684, "passed": false}, "5": {"execution_time": 0.08576846122741699, "passed": false}, "6": {"execution_time": 0.07682919502258301, "passed": false}, "7": {"execution_time": 0.06881499290466309, "passed": false}, "8": {"execution_time": 0.08478045463562012, "passed": false}, "9": {"execution_time": 0.0668189525604248, "passed": false}, "10": {"execution_time": 0.06981253623962402, "passed": false}, "11": {"execution_time": 0.09773659706115723, "passed": false}, "12": {"execution_time": 0.05584979057312012, "passed": false}}}, "pylint_score": "-2/10"}