{"version": "1", "message": "ERROR: Hidden Testcases server unreachable.", "problem_id": "m19_a1", "user_id": "madhavimvh", "score": {"sample": {"0": {"execution_time": 0.07906746864318848, "passed": false}, "1": {"execution_time": 0.04787254333496094, "passed": false}, "2": {"execution_time": 0.04886960983276367, "passed": false}, "3": {"execution_time": 0.046875953674316406, "passed": false}, "4": {"execution_time": 0.047864437103271484, "passed": false}, "5": {"execution_time": 0.045879364013671875, "passed": true}, "6": {"execution_time": 0.044890403747558594, "passed": true}, "7": {"execution_time": 0.044890403747558594, "passed": true}, "8": {"execution_time": 0.044881343841552734, "passed": true}, "9": {"execution_time": 0.046872615814208984, "passed": false}, "10": {"execution_time": 0.04487752914428711, "passed": false}, "11": {"execution_time": 0.050863027572631836, "passed": false}, "12": {"execution_time": 0.08438825607299805, "passed": true}}}, "pylint_score": "-2/10"}