{"version": "1", "message": "ERROR: Hidden Testcases server unreachable.", "problem_id": "m19_a1", "user_id": "madhavimvh", "score": {"sample": {"0": {"execution_time": 0.08590865135192871, "passed": false}, "1": {"execution_time": 0.05585169792175293, "passed": false}, "2": {"execution_time": 0.0688166618347168, "passed": false}, "3": {"execution_time": 0.053843021392822266, "passed": false}, "4": {"execution_time": 0.06283235549926758, "passed": false}, "5": {"execution_time": 0.053856849670410156, "passed": false}, "6": {"execution_time": 0.06482553482055664, "passed": false}, "7": {"execution_time": 0.06781888008117676, "passed": false}, "8": {"execution_time": 0.05186152458190918, "passed": false}, "9": {"execution_time": 0.0638284683227539, "passed": false}, "10": {"execution_time": 0.055852413177490234, "passed": false}, "11": {"execution_time": 0.05983996391296387, "passed": false}, "12": {"execution_time": 0.054854393005371094, "passed": false}}}, "pylint_score": "-5/10"}