{"version": "1", "message": "ERROR: Hidden Testcases server unreachable.", "problem_id": "m19_a1", "user_id": "madhavimvh", "score": {"sample": {"0": {"execution_time": 0.12677669525146484, "passed": true}, "1": {"execution_time": 0.05285954475402832, "passed": true}, "2": {"execution_time": 0.05884218215942383, "passed": true}, "3": {"execution_time": 0.058846473693847656, "passed": true}, "4": {"execution_time": 0.05485033988952637, "passed": true}, "5": {"execution_time": 0.06781888008117676, "passed": false}, "6": {"execution_time": 0.050863027572631836, "passed": false}, "7": {"execution_time": 0.06682157516479492, "passed": false}, "8": {"execution_time": 0.0578458309173584, "passed": false}, "9": {"execution_time": 0.06981301307678223, "passed": false}, "10": {"execution_time": 0.21335816383361816, "passed": false}, "11": {"execution_time": 0.07691645622253418, "passed": false}, "12": {"execution_time": 0.052858829498291016, "passed": false}}}, "pylint_score": "-2/10"}