{"version": "1", "message": "ERROR: Hidden Testcases server unreachable.", "problem_id": "m19_a1", "user_id": "madhavimvh", "score": {"sample": {"0": {"execution_time": 0.10284614562988281, "passed": false}, "1": {"execution_time": 0.046875, "passed": false}, "2": {"execution_time": 0.04587697982788086, "passed": false}, "3": {"execution_time": 0.04687643051147461, "passed": false}, "4": {"execution_time": 0.04488992691040039, "passed": false}, "5": {"execution_time": 0.04587435722351074, "passed": true}, "6": {"execution_time": 0.04487872123718262, "passed": true}, "7": {"execution_time": 0.04587054252624512, "passed": true}, "8": {"execution_time": 0.045876502990722656, "passed": true}, "9": {"execution_time": 0.0468900203704834, "passed": false}, "10": {"execution_time": 0.0448455810546875, "passed": false}, "11": {"execution_time": 0.04788374900817871, "passed": false}, "12": {"execution_time": 0.04587507247924805, "passed": true}}}, "pylint_score": "-2/10"}