{"version": "1", "message": "ERROR: Hidden Testcases server unreachable.", "problem_id": "m19_a1", "user_id": "madhavimvh", "score": {"sample": {"0": {"execution_time": 0.08490562438964844, "passed": true}, "1": {"execution_time": 0.05983686447143555, "passed": true}, "2": {"execution_time": 0.05784416198730469, "passed": true}, "3": {"execution_time": 0.0708150863647461, "passed": true}, "4": {"execution_time": 0.06782031059265137, "passed": true}, "5": {"execution_time": 0.056844234466552734, "passed": true}, "6": {"execution_time": 0.07081079483032227, "passed": false}, "7": {"execution_time": 0.050862789154052734, "passed": false}, "8": {"execution_time": 0.07579684257507324, "passed": false}, "9": {"execution_time": 0.0857706069946289, "passed": false}, "10": {"execution_time": 0.04886889457702637, "passed": false}, "11": {"execution_time": 0.05884361267089844, "passed": false}, "12": {"execution_time": 0.11070537567138672, "passed": false}}}, "pylint_score": "-2/10"}