{"version": "1", "message": "ERROR: Hidden Testcases server unreachable.", "problem_id": "m19_a1", "user_id": "madhavimvh", "score": {"sample": {"0": {"execution_time": 0.08517217636108398, "passed": true}, "1": {"execution_time": 0.049866437911987305, "passed": true}, "2": {"execution_time": 0.0468447208404541, "passed": true}, "3": {"execution_time": 0.04887080192565918, "passed": true}, "4": {"execution_time": 0.04683732986450195, "passed": true}, "5": {"execution_time": 0.046842098236083984, "passed": true}, "6": {"execution_time": 0.04684042930603027, "passed": true}, "7": {"execution_time": 0.05186343193054199, "passed": true}, "8": {"execution_time": 0.046875, "passed": false}, "9": {"execution_time": 0.04587912559509277, "passed": false}, "10": {"execution_time": 0.04484248161315918, "passed": false}, "11": {"execution_time": 0.04886984825134277, "passed": false}, "12": {"execution_time": 0.054854393005371094, "passed": true}}}, "pylint_score": "-2/10"}