{"version": "1", "message": "ERROR: Hidden Testcases server unreachable.", "problem_id": "m19_a1", "user_id": "madhavimvh", "score": {"sample": {"0": {"execution_time": 0.0917961597442627, "passed": false}, "1": {"execution_time": 0.058841705322265625, "passed": false}, "2": {"execution_time": 0.05584883689880371, "passed": false}, "3": {"execution_time": 0.06183457374572754, "passed": false}, "4": {"execution_time": 0.04687333106994629, "passed": false}, "5": {"execution_time": 0.06581878662109375, "passed": false}, "6": {"execution_time": 0.07380819320678711, "passed": false}, "7": {"execution_time": 0.06881499290466309, "passed": false}, "8": {"execution_time": 0.06183123588562012, "passed": false}, "9": {"execution_time": 0.08178138732910156, "passed": false}, "10": {"execution_time": 0.05485248565673828, "passed": false}, "11": {"execution_time": 0.06582117080688477, "passed": false}, "12": {"execution_time": 0.058843135833740234, "passed": false}}}, "pylint_score": "-2/10"}