{"version": "1", "message": "ERROR: Hidden Testcases server unreachable.", "problem_id": "m19_a1", "user_id": "madhavimvh", "score": {"sample": {"0": {"execution_time": 0.09574484825134277, "passed": false}, "1": {"execution_time": 0.04787278175354004, "passed": false}, "2": {"execution_time": 0.04886889457702637, "passed": false}, "3": {"execution_time": 0.04584646224975586, "passed": false}, "4": {"execution_time": 0.04588031768798828, "passed": false}, "5": {"execution_time": 0.0468747615814209, "passed": true}, "6": {"execution_time": 0.04688835144042969, "passed": true}, "7": {"execution_time": 0.046874284744262695, "passed": true}, "8": {"execution_time": 0.04484963417053223, "passed": true}, "9": {"execution_time": 0.04488015174865723, "passed": false}, "10": {"execution_time": 0.04883980751037598, "passed": false}, "11": {"execution_time": 0.047870635986328125, "passed": false}, "12": {"execution_time": 0.046881914138793945, "passed": true}}}, "pylint_score": "-2/10"}