{"version": "1", "message": "ERROR: Hidden Testcases server unreachable.", "problem_id": "m19_a1", "user_id": "madhavimvh", "score": {"sample": {"0": {"execution_time": 0.07580208778381348, "passed": false}, "1": {"execution_time": 0.052858829498291016, "passed": false}, "2": {"execution_time": 0.0578458309173584, "passed": false}, "3": {"execution_time": 0.05085945129394531, "passed": false}, "4": {"execution_time": 0.06083512306213379, "passed": false}, "5": {"execution_time": 0.05485081672668457, "passed": false}, "6": {"execution_time": 0.060836076736450195, "passed": false}, "7": {"execution_time": 0.06682062149047852, "passed": false}, "8": {"execution_time": 0.06981396675109863, "passed": false}, "9": {"execution_time": 0.10475468635559082, "passed": false}, "10": {"execution_time": 0.06382918357849121, "passed": false}, "11": {"execution_time": 0.05385446548461914, "passed": false}, "12": {"execution_time": 0.06781840324401855, "passed": false}}}, "pylint_score": "-2/10"}