{"version": "1", "message": "ERROR: Hidden Testcases server unreachable.", "problem_id": "m19_a1", "user_id": "madhavimvh", "score": {"sample": {"0": {"execution_time": 0.1667952537536621, "passed": false}, "1": {"execution_time": 0.04787111282348633, "passed": false}, "2": {"execution_time": 0.04787111282348633, "passed": false}, "3": {"execution_time": 0.04587674140930176, "passed": false}, "4": {"execution_time": 0.04787039756774902, "passed": false}, "5": {"execution_time": 0.05186176300048828, "passed": true}, "6": {"execution_time": 0.08988213539123535, "passed": true}, "7": {"execution_time": 0.04587697982788086, "passed": true}, "8": {"execution_time": 0.04786992073059082, "passed": true}, "9": {"execution_time": 0.04787325859069824, "passed": false}, "10": {"execution_time": 0.20013141632080078, "passed": false}, "11": {"execution_time": 0.06781435012817383, "passed": false}, "12": {"execution_time": 0.04787111282348633, "passed": true}}}, "pylint_score": "-4/10"}