{"version": "1", "message": "ERROR: Hidden Testcases server unreachable.", "problem_id": "m19_a1", "user_id": "madhavimvh", "score": {"sample": {"0": {"execution_time": 0.07888484001159668, "passed": true}, "1": {"execution_time": 0.06482553482055664, "passed": true}, "2": {"execution_time": 0.06981158256530762, "passed": true}, "3": {"execution_time": 0.05983924865722656, "passed": true}, "4": {"execution_time": 0.058843374252319336, "passed": true}, "5": {"execution_time": 0.05185437202453613, "passed": false}, "6": {"execution_time": 0.06382989883422852, "passed": false}, "7": {"execution_time": 0.06682205200195312, "passed": false}, "8": {"execution_time": 0.0827779769897461, "passed": false}, "9": {"execution_time": 0.07081031799316406, "passed": false}, "10": {"execution_time": 0.05586385726928711, "passed": false}, "11": {"execution_time": 0.07081246376037598, "passed": false}, "12": {"execution_time": 0.0848696231842041, "passed": false}}}, "pylint_score": "-2/10"}