{"version": "1", "message": "ERROR: Hidden Testcases server unreachable.", "problem_id": "m19_a1", "user_id": "madhavimvh", "score": {"sample": {"0": {"execution_time": 0.09873580932617188, "passed": true}, "1": {"execution_time": 0.052861690521240234, "passed": true}, "2": {"execution_time": 0.059838294982910156, "passed": true}, "3": {"execution_time": 0.06981229782104492, "passed": true}, "4": {"execution_time": 0.056845903396606445, "passed": true}, "5": {"execution_time": 0.06483244895935059, "passed": false}, "6": {"execution_time": 0.08876419067382812, "passed": false}, "7": {"execution_time": 0.06283044815063477, "passed": false}, "8": {"execution_time": 0.06881594657897949, "passed": false}, "9": {"execution_time": 0.07579755783081055, "passed": false}, "10": {"execution_time": 0.059839725494384766, "passed": false}, "11": {"execution_time": 0.07978630065917969, "passed": false}, "12": {"execution_time": 0.09175443649291992, "passed": false}}}, "pylint_score": "-2/10"}