{"version": "1", "message": "ERROR: Hidden Testcases server unreachable.", "problem_id": "m19_a1", "user_id": "madhavimvh", "score": {"sample": {"0": {"execution_time": 0.0749506950378418, "passed": true}, "1": {"execution_time": 0.046874284744262695, "passed": true}, "2": {"execution_time": 0.04487895965576172, "passed": true}, "3": {"execution_time": 0.045845746994018555, "passed": true}, "4": {"execution_time": 0.04487800598144531, "passed": true}, "5": {"execution_time": 0.044892311096191406, "passed": true}, "6": {"execution_time": 0.04587578773498535, "passed": false}, "7": {"execution_time": 0.046874046325683594, "passed": false}, "8": {"execution_time": 0.04488182067871094, "passed": false}, "9": {"execution_time": 0.04388236999511719, "passed": false}, "10": {"execution_time": 0.044879913330078125, "passed": false}, "11": {"execution_time": 0.043883562088012695, "passed": false}, "12": {"execution_time": 0.044879913330078125, "passed": false}}}, "pylint_score": "-2/10"}