{"version": "1", "message": "ERROR: Hidden Testcases server unreachable.", "problem_id": "m19_a1", "user_id": "madhavimvh", "score": {"sample": {"0": {"execution_time": 0.10707950592041016, "passed": false}, "1": {"execution_time": 0.06083846092224121, "passed": false}, "2": {"execution_time": 0.05983901023864746, "passed": false}, "3": {"execution_time": 0.05984091758728027, "passed": false}, "4": {"execution_time": 0.06383347511291504, "passed": false}, "5": {"execution_time": 0.057840585708618164, "passed": true}, "6": {"execution_time": 0.06482672691345215, "passed": true}, "7": {"execution_time": 0.05385756492614746, "passed": true}, "8": {"execution_time": 0.06480288505554199, "passed": true}, "9": {"execution_time": 0.06482577323913574, "passed": false}, "10": {"execution_time": 0.054862260818481445, "passed": false}, "11": {"execution_time": 0.0708005428314209, "passed": false}, "12": {"execution_time": 0.05385255813598633, "passed": true}}}, "pylint_score": "-2/10"}