{"version": "1", "message": "ERROR: Hidden Testcases server unreachable.", "problem_id": "m19_a1", "user_id": "madhavimvh", "score": {"sample": {"0": {"execution_time": 0.09587502479553223, "passed": false}, "1": {"execution_time": 0.05086255073547363, "passed": false}, "2": {"execution_time": 0.04887080192565918, "passed": false}, "3": {"execution_time": 0.05086493492126465, "passed": false}, "4": {"execution_time": 0.04886984825134277, "passed": false}, "5": {"execution_time": 0.04787325859069824, "passed": true}, "6": {"execution_time": 0.04787254333496094, "passed": true}, "7": {"execution_time": 0.04587745666503906, "passed": true}, "8": {"execution_time": 0.04587674140930176, "passed": true}, "9": {"execution_time": 0.04887032508850098, "passed": false}, "10": {"execution_time": 0.04688692092895508, "passed": false}, "11": {"execution_time": 0.05186176300048828, "passed": false}, "12": {"execution_time": 0.04787039756774902, "passed": true}}}, "pylint_score": "-3/10"}