{"version": "1", "message": "ERROR: Hidden Testcases server unreachable.", "problem_id": "m19_a1", "user_id": "madhavimvh", "score": {"sample": {"0": {"execution_time": 0.16402387619018555, "passed": false}, "1": {"execution_time": 0.04587745666503906, "passed": false}, "2": {"execution_time": 0.04487872123718262, "passed": false}, "3": {"execution_time": 0.04588603973388672, "passed": false}, "4": {"execution_time": 0.045868873596191406, "passed": false}, "5": {"execution_time": 0.04586625099182129, "passed": true}, "6": {"execution_time": 0.04487943649291992, "passed": true}, "7": {"execution_time": 0.04488039016723633, "passed": true}, "8": {"execution_time": 0.04686617851257324, "passed": true}, "9": {"execution_time": 0.04488682746887207, "passed": false}, "10": {"execution_time": 0.07887697219848633, "passed": false}, "11": {"execution_time": 0.04686713218688965, "passed": false}, "12": {"execution_time": 0.07208704948425293, "passed": true}}}, "pylint_score": "-2/10"}