{"version": "1", "message": "ERROR: Hidden Testcases server unreachable.", "problem_id": "m19_a1", "user_id": "madhavimvh", "score": {"sample": {"0": {"execution_time": 0.08897113800048828, "passed": false}, "1": {"execution_time": 0.046857357025146484, "passed": false}, "2": {"execution_time": 0.04687237739562988, "passed": false}, "3": {"execution_time": 0.046878814697265625, "passed": false}, "4": {"execution_time": 0.04687809944152832, "passed": true}, "5": {"execution_time": 0.04786872863769531, "passed": true}, "6": {"execution_time": 0.04587745666503906, "passed": true}, "7": {"execution_time": 0.04587674140930176, "passed": true}, "8": {"execution_time": 0.04584693908691406, "passed": true}, "9": {"execution_time": 0.04587578773498535, "passed": false}, "10": {"execution_time": 0.04388284683227539, "passed": false}, "11": {"execution_time": 0.054853200912475586, "passed": false}, "12": {"execution_time": 0.04488110542297363, "passed": true}}}, "pylint_score": "-2/10"}