{"version": "1", "message": "ERROR: Hidden Testcases server unreachable.", "problem_id": "m19_a1", "user_id": "madhavimvh", "score": {"sample": {"0": {"execution_time": 0.07280445098876953, "passed": false}, "1": {"execution_time": 0.06183218955993652, "passed": false}, "2": {"execution_time": 0.05186271667480469, "passed": false}, "3": {"execution_time": 0.04687380790710449, "passed": false}, "4": {"execution_time": 0.04587697982788086, "passed": false}, "5": {"execution_time": 0.04587960243225098, "passed": true}, "6": {"execution_time": 0.04687356948852539, "passed": true}, "7": {"execution_time": 0.049866676330566406, "passed": true}, "8": {"execution_time": 0.051860809326171875, "passed": true}, "9": {"execution_time": 0.05485367774963379, "passed": false}, "10": {"execution_time": 0.05784296989440918, "passed": false}, "11": {"execution_time": 0.05784487724304199, "passed": false}, "12": {"execution_time": 0.15542387962341309, "passed": true}}}, "pylint_score": "-2/10"}