{"version": "1", "message": "ERROR: Hidden Testcases server unreachable.", "problem_id": "m19_a1", "user_id": "madhavimvh", "score": {"sample": {"0": {"execution_time": 0.08787798881530762, "passed": false}, "1": {"execution_time": 0.06382870674133301, "passed": false}, "2": {"execution_time": 0.04986715316772461, "passed": false}, "3": {"execution_time": 0.06183433532714844, "passed": false}, "4": {"execution_time": 0.05784487724304199, "passed": false}, "5": {"execution_time": 0.07579708099365234, "passed": false}, "6": {"execution_time": 0.06582355499267578, "passed": false}, "7": {"execution_time": 0.056848764419555664, "passed": false}, "8": {"execution_time": 0.07180953025817871, "passed": false}, "9": {"execution_time": 0.12788772583007812, "passed": false}, "10": {"execution_time": 0.07380032539367676, "passed": false}, "11": {"execution_time": 0.05584979057312012, "passed": false}, "12": {"execution_time": 0.07280182838439941, "passed": false}}}, "pylint_score": "-3/10"}