{"version": "1", "message": "ERROR: Hidden Testcases server unreachable.", "problem_id": "m19_a1", "user_id": "madhavimvh", "score": {"sample": {"0": {"execution_time": 0.13991546630859375, "passed": false}, "1": {"execution_time": 0.05185222625732422, "passed": false}, "2": {"execution_time": 0.06283259391784668, "passed": false}, "3": {"execution_time": 0.05086398124694824, "passed": false}, "4": {"execution_time": 0.046883583068847656, "passed": false}, "5": {"execution_time": 0.05783891677856445, "passed": false}, "6": {"execution_time": 0.058841705322265625, "passed": false}, "7": {"execution_time": 0.05983877182006836, "passed": false}, "8": {"execution_time": 0.09779214859008789, "passed": false}, "9": {"execution_time": 0.07180905342102051, "passed": false}, "10": {"execution_time": 0.10876846313476562, "passed": false}, "11": {"execution_time": 0.10275077819824219, "passed": false}, "12": {"execution_time": 0.07779240608215332, "passed": false}}}, "pylint_score": "-30/10"}