{"version": "1", "message": "ERROR: Hidden Testcases server unreachable.", "problem_id": "m19_a1", "user_id": "madhavimvh", "score": {"sample": {"0": {"execution_time": 0.08976387977600098, "passed": false}, "1": {"execution_time": 0.06482720375061035, "passed": false}, "2": {"execution_time": 0.06184649467468262, "passed": false}, "3": {"execution_time": 0.05782818794250488, "passed": false}, "4": {"execution_time": 0.06582331657409668, "passed": false}, "5": {"execution_time": 0.05585074424743652, "passed": false}, "6": {"execution_time": 0.06881523132324219, "passed": false}, "7": {"execution_time": 0.07280397415161133, "passed": false}, "8": {"execution_time": 0.0628364086151123, "passed": false}, "9": {"execution_time": 0.06282997131347656, "passed": false}, "10": {"execution_time": 0.0907583236694336, "passed": false}, "11": {"execution_time": 0.0578455924987793, "passed": false}, "12": {"execution_time": 0.07579827308654785, "passed": false}}}, "pylint_score": "-2/10"}