{"version": "1", "message": "ERROR: Hidden Testcases server unreachable.", "problem_id": "m19_a1", "user_id": "madhavimvh", "score": {"sample": {"0": {"execution_time": 0.0792849063873291, "passed": false}, "1": {"execution_time": 0.047872066497802734, "passed": false}, "2": {"execution_time": 0.04787135124206543, "passed": false}, "3": {"execution_time": 0.05285811424255371, "passed": false}, "4": {"execution_time": 0.0468754768371582, "passed": false}, "5": {"execution_time": 0.04683947563171387, "passed": true}, "6": {"execution_time": 0.04687333106994629, "passed": true}, "7": {"execution_time": 0.04688715934753418, "passed": true}, "8": {"execution_time": 0.04488110542297363, "passed": true}, "9": {"execution_time": 0.04687380790710449, "passed": false}, "10": {"execution_time": 0.04686903953552246, "passed": false}, "11": {"execution_time": 0.04787278175354004, "passed": false}, "12": {"execution_time": 0.0528569221496582, "passed": true}}}, "pylint_score": "-3/10"}