{"version": "1", "message": "ERROR: Hidden Testcases server unreachable.", "problem_id": "m19_a1", "user_id": "madhavimvh", "score": {"sample": {"0": {"execution_time": 0.046875, "passed": false}, "1": {"execution_time": 0.046874284744262695, "passed": false}, "2": {"execution_time": 0.04587697982788086, "passed": false}, "3": {"execution_time": 0.04587745666503906, "passed": false}, "4": {"execution_time": 0.04687309265136719, "passed": false}, "5": {"execution_time": 0.044881582260131836, "passed": true}, "6": {"execution_time": 0.04587817192077637, "passed": true}, "7": {"execution_time": 0.04587721824645996, "passed": true}, "8": {"execution_time": 0.04488253593444824, "passed": true}, "9": {"execution_time": 0.04587054252624512, "passed": false}, "10": {"execution_time": 0.045877695083618164, "passed": false}, "11": {"execution_time": 0.04488086700439453, "passed": false}, "12": {"execution_time": 0.04484272003173828, "passed": true}}}, "pylint_score": "-2/10"}