{"version": "1", "message": "ERROR: Hidden Testcases server unreachable.", "problem_id": "m19_a1", "user_id": "madhavimvh", "score": {"sample": {"0": {"execution_time": 0.10570955276489258, "passed": false}, "1": {"execution_time": 0.06582355499267578, "passed": false}, "2": {"execution_time": 0.04986715316772461, "passed": false}, "3": {"execution_time": 0.05984210968017578, "passed": false}, "4": {"execution_time": 0.048868417739868164, "passed": false}, "5": {"execution_time": 0.06183195114135742, "passed": false}, "6": {"execution_time": 0.05185675621032715, "passed": false}, "7": {"execution_time": 0.053855180740356445, "passed": false}, "8": {"execution_time": 0.05385541915893555, "passed": false}, "9": {"execution_time": 0.06482768058776855, "passed": false}, "10": {"execution_time": 0.16896462440490723, "passed": false}, "11": {"execution_time": 0.06482768058776855, "passed": false}, "12": {"execution_time": 0.05385422706604004, "passed": false}}}, "pylint_score": "-2/10"}