{"version": "1", "message": "ERROR: Hidden Testcases server unreachable.", "problem_id": "m19_a1", "user_id": "madhavimvh", "score": {"sample": {"0": {"execution_time": 0.12106513977050781, "passed": false}, "1": {"execution_time": 0.05585145950317383, "passed": false}, "2": {"execution_time": 0.05185890197753906, "passed": false}, "3": {"execution_time": 0.060837507247924805, "passed": false}, "4": {"execution_time": 0.05386972427368164, "passed": false}, "5": {"execution_time": 0.06383752822875977, "passed": false}, "6": {"execution_time": 0.04886960983276367, "passed": false}, "7": {"execution_time": 0.06283116340637207, "passed": false}, "8": {"execution_time": 0.05186200141906738, "passed": false}, "9": {"execution_time": 0.05585646629333496, "passed": false}, "10": {"execution_time": 0.04886960983276367, "passed": false}, "11": {"execution_time": 0.05585026741027832, "passed": false}, "12": {"execution_time": 0.04986715316772461, "passed": false}}}, "pylint_score": "-3/10"}