{"version": "1", "message": "ERROR: Hidden Testcases server unreachable.", "problem_id": "m19_a1", "user_id": "madhavimvh", "score": {"sample": {"0": {"execution_time": 0.08876204490661621, "passed": false}, "1": {"execution_time": 0.05984067916870117, "passed": false}, "2": {"execution_time": 0.053858280181884766, "passed": false}, "3": {"execution_time": 0.09675431251525879, "passed": false}, "4": {"execution_time": 0.09274959564208984, "passed": false}, "5": {"execution_time": 0.09674310684204102, "passed": false}, "6": {"execution_time": 0.09973335266113281, "passed": false}, "7": {"execution_time": 0.05684709548950195, "passed": false}, "8": {"execution_time": 0.07579708099365234, "passed": false}, "9": {"execution_time": 0.06582283973693848, "passed": false}, "10": {"execution_time": 0.05784463882446289, "passed": false}, "11": {"execution_time": 0.10371184349060059, "passed": false}, "12": {"execution_time": 0.0827784538269043, "passed": false}}}, "pylint_score": "-3/10"}