{"version": "1", "message": "ERROR: Hidden Testcases server unreachable.", "problem_id": "m19_a1", "user_id": "madhavimvh", "score": {"sample": {"0": {"execution_time": 0.35677623748779297, "passed": false}, "1": {"execution_time": 0.05585145950317383, "passed": false}, "2": {"execution_time": 0.05186033248901367, "passed": false}, "3": {"execution_time": 0.05585050582885742, "passed": false}, "4": {"execution_time": 0.05485081672668457, "passed": false}, "5": {"execution_time": 0.06183362007141113, "passed": false}, "6": {"execution_time": 0.07479739189147949, "passed": false}, "7": {"execution_time": 0.05684781074523926, "passed": false}, "8": {"execution_time": 0.0747990608215332, "passed": false}, "9": {"execution_time": 0.058896780014038086, "passed": false}, "10": {"execution_time": 0.07384562492370605, "passed": false}, "11": {"execution_time": 0.061834096908569336, "passed": false}, "12": {"execution_time": 0.05784487724304199, "passed": false}}}, "pylint_score": "-2/10"}