{"version": "1", "message": "ERROR: Hidden Testcases server unreachable.", "problem_id": "m19_a1", "user_id": "madhavimvh", "score": {"sample": {"0": {"execution_time": 0.10000109672546387, "passed": true}, "1": {"execution_time": 0.048867225646972656, "passed": true}, "2": {"execution_time": 0.04587888717651367, "passed": true}, "3": {"execution_time": 0.04886603355407715, "passed": true}, "4": {"execution_time": 0.047870635986328125, "passed": true}, "5": {"execution_time": 0.04587554931640625, "passed": true}, "6": {"execution_time": 0.04587864875793457, "passed": true}, "7": {"execution_time": 0.043883562088012695, "passed": true}, "8": {"execution_time": 0.04488015174865723, "passed": true}, "9": {"execution_time": 0.04787135124206543, "passed": false}, "10": {"execution_time": 0.04587578773498535, "passed": false}, "11": {"execution_time": 0.04687237739562988, "passed": false}, "12": {"execution_time": 0.04787254333496094, "passed": true}}}, "pylint_score": "-2/10"}