{"version": "1", "message": "ERROR: Hidden Testcases server unreachable.", "problem_id": "m19_a1", "user_id": "madhavimvh", "score": {"sample": {"0": {"execution_time": 0.12871003150939941, "passed": false}, "1": {"execution_time": 0.05884265899658203, "passed": false}, "2": {"execution_time": 0.058843135833740234, "passed": false}, "3": {"execution_time": 0.06882786750793457, "passed": false}, "4": {"execution_time": 0.06282544136047363, "passed": false}, "5": {"execution_time": 0.06682133674621582, "passed": false}, "6": {"execution_time": 0.07580041885375977, "passed": false}, "7": {"execution_time": 0.05784773826599121, "passed": false}, "8": {"execution_time": 0.0718080997467041, "passed": false}, "9": {"execution_time": 0.06583714485168457, "passed": false}, "10": {"execution_time": 0.06183481216430664, "passed": false}, "11": {"execution_time": 0.06781792640686035, "passed": false}, "12": {"execution_time": 0.09873461723327637, "passed": false}}}, "pylint_score": "-2/10"}