{"version": "1", "message": "ERROR: Hidden Testcases server unreachable.", "problem_id": "m19_a1", "user_id": "madhavimvh", "score": {"sample": {"0": {"execution_time": 0.11686348915100098, "passed": true}, "1": {"execution_time": 0.06881594657897949, "passed": false}, "2": {"execution_time": 0.0578463077545166, "passed": false}, "3": {"execution_time": 0.0578458309173584, "passed": false}, "4": {"execution_time": 0.05186104774475098, "passed": false}, "5": {"execution_time": 0.06682300567626953, "passed": false}, "6": {"execution_time": 0.06283211708068848, "passed": false}, "7": {"execution_time": 0.058843135833740234, "passed": false}, "8": {"execution_time": 0.0688161849975586, "passed": false}, "9": {"execution_time": 0.08577513694763184, "passed": false}, "10": {"execution_time": 0.08077383041381836, "passed": false}, "11": {"execution_time": 0.07385873794555664, "passed": false}, "12": {"execution_time": 0.06482601165771484, "passed": false}}}, "pylint_score": "-2/10"}