{"version": "1", "message": "ERROR: Hidden Testcases server unreachable.", "problem_id": "m19_a1", "user_id": "madhavimvh", "score": {"sample": {"0": {"execution_time": 0.08690452575683594, "passed": false}, "1": {"execution_time": 0.06183576583862305, "passed": false}, "2": {"execution_time": 0.052858591079711914, "passed": false}, "3": {"execution_time": 0.06083416938781738, "passed": false}, "4": {"execution_time": 0.05485248565673828, "passed": false}, "5": {"execution_time": 0.05784487724304199, "passed": false}, "6": {"execution_time": 0.05784440040588379, "passed": false}, "7": {"execution_time": 0.060837745666503906, "passed": false}, "8": {"execution_time": 0.09279394149780273, "passed": false}, "9": {"execution_time": 0.05585026741027832, "passed": false}, "10": {"execution_time": 0.06781721115112305, "passed": false}, "11": {"execution_time": 0.10172796249389648, "passed": false}, "12": {"execution_time": 0.23653960227966309, "passed": false}}}, "pylint_score": "-4/10"}