{"version": "1", "message": "ERROR: Hidden Testcases server unreachable.", "problem_id": "m19_a1", "user_id": "madhavimvh", "score": {"sample": {"0": {"execution_time": 0.1870729923248291, "passed": false}, "1": {"execution_time": 0.049864768981933594, "passed": false}, "2": {"execution_time": 0.05684924125671387, "passed": false}, "3": {"execution_time": 0.04886960983276367, "passed": false}, "4": {"execution_time": 0.053858041763305664, "passed": false}, "5": {"execution_time": 0.049866676330566406, "passed": false}, "6": {"execution_time": 0.05684804916381836, "passed": false}, "7": {"execution_time": 0.05485272407531738, "passed": false}, "8": {"execution_time": 0.05784320831298828, "passed": false}, "9": {"execution_time": 0.1199800968170166, "passed": false}, "10": {"execution_time": 0.051862478256225586, "passed": false}, "11": {"execution_time": 0.05485272407531738, "passed": false}, "12": {"execution_time": 0.07580709457397461, "passed": false}}}, "pylint_score": "-3/10"}