{"version": "1", "message": "ERROR: Hidden Testcases server unreachable.", "problem_id": "m19_a1", "user_id": "madhavimvh", "score": {"sample": {"0": {"execution_time": 0.10077023506164551, "passed": false}, "1": {"execution_time": 0.05284881591796875, "passed": false}, "2": {"execution_time": 0.060846567153930664, "passed": false}, "3": {"execution_time": 0.049826860427856445, "passed": false}, "4": {"execution_time": 0.05884194374084473, "passed": false}, "5": {"execution_time": 0.04886960983276367, "passed": false}, "6": {"execution_time": 0.06384134292602539, "passed": false}, "7": {"execution_time": 0.05484890937805176, "passed": false}, "8": {"execution_time": 0.06382894515991211, "passed": false}, "9": {"execution_time": 0.3141188621520996, "passed": false}, "10": {"execution_time": 0.05684781074523926, "passed": false}, "11": {"execution_time": 0.07180237770080566, "passed": false}, "12": {"execution_time": 0.060836076736450195, "passed": false}}}, "pylint_score": "-2/10"}