{"version": "1", "message": "ERROR: Hidden Testcases server unreachable.", "problem_id": "m19_a1", "user_id": "madhavimvh", "score": {"sample": {"0": {"execution_time": 0.13862919807434082, "passed": false}, "1": {"execution_time": 0.055849552154541016, "passed": false}, "2": {"execution_time": 0.07878828048706055, "passed": false}, "3": {"execution_time": 0.0528566837310791, "passed": false}, "4": {"execution_time": 0.05884218215942383, "passed": false}, "5": {"execution_time": 0.0688166618347168, "passed": false}, "6": {"execution_time": 0.05285835266113281, "passed": false}, "7": {"execution_time": 0.07677316665649414, "passed": false}, "8": {"execution_time": 0.09075760841369629, "passed": false}, "9": {"execution_time": 0.08078432083129883, "passed": false}, "10": {"execution_time": 0.0727989673614502, "passed": false}, "11": {"execution_time": 0.06682109832763672, "passed": false}, "12": {"execution_time": 0.06382942199707031, "passed": false}}}, "pylint_score": "-22/10"}