{"version": "1", "message": "ERROR: Hidden Testcases server unreachable.", "problem_id": "m19_a1", "user_id": "madhavimvh", "score": {"sample": {"0": {"execution_time": 0.3071722984313965, "passed": false}, "1": {"execution_time": 0.053856849670410156, "passed": false}, "2": {"execution_time": 0.056845664978027344, "passed": false}, "3": {"execution_time": 0.05385255813598633, "passed": false}, "4": {"execution_time": 0.060837507247924805, "passed": false}, "5": {"execution_time": 0.05186104774475098, "passed": false}, "6": {"execution_time": 0.05983924865722656, "passed": false}, "7": {"execution_time": 0.05486917495727539, "passed": false}, "8": {"execution_time": 0.051859378814697266, "passed": false}, "9": {"execution_time": 0.06382966041564941, "passed": false}, "10": {"execution_time": 0.053856849670410156, "passed": false}, "11": {"execution_time": 0.05485653877258301, "passed": false}, "12": {"execution_time": 0.05584597587585449, "passed": false}}}, "pylint_score": "-3/10"}