{"version": "1", "message": "ERROR: Hidden Testcases server unreachable.", "problem_id": "m19_a1", "user_id": "madhavimvh", "score": {"sample": {"0": {"execution_time": 0.09191250801086426, "passed": false}, "1": {"execution_time": 0.046875, "passed": false}, "2": {"execution_time": 0.05086231231689453, "passed": false}, "3": {"execution_time": 0.04787397384643555, "passed": false}, "4": {"execution_time": 0.0468752384185791, "passed": false}, "5": {"execution_time": 0.04586434364318848, "passed": true}, "6": {"execution_time": 0.045877933502197266, "passed": false}, "7": {"execution_time": 0.0468745231628418, "passed": false}, "8": {"execution_time": 0.04488182067871094, "passed": false}, "9": {"execution_time": 0.04487776756286621, "passed": false}, "10": {"execution_time": 0.04487800598144531, "passed": false}, "11": {"execution_time": 0.04589223861694336, "passed": false}, "12": {"execution_time": 0.04488039016723633, "passed": false}}}, "pylint_score": "-2/10"}