{"version": "1", "message": "ERROR: Hidden Testcases server unreachable.", "problem_id": "m19_a1", "user_id": "madhavimvh", "score": {"sample": {"0": {"execution_time": 0.09873580932617188, "passed": false}, "1": {"execution_time": 0.0608363151550293, "passed": false}, "2": {"execution_time": 0.05684804916381836, "passed": false}, "3": {"execution_time": 0.06183576583862305, "passed": false}, "4": {"execution_time": 0.04688310623168945, "passed": false}, "5": {"execution_time": 0.06282687187194824, "passed": false}, "6": {"execution_time": 0.052857398986816406, "passed": false}, "7": {"execution_time": 0.06283378601074219, "passed": false}, "8": {"execution_time": 0.06283164024353027, "passed": false}, "9": {"execution_time": 0.09378671646118164, "passed": false}, "10": {"execution_time": 0.06582474708557129, "passed": false}, "11": {"execution_time": 0.08078241348266602, "passed": false}, "12": {"execution_time": 0.051862239837646484, "passed": false}}}, "pylint_score": "-2/10"}