{"version": "1", "message": "ERROR: Hidden Testcases server unreachable.", "problem_id": "m19_a1", "user_id": "madhavimvh", "score": {"sample": {"0": {"execution_time": 0.14023232460021973, "passed": false}, "1": {"execution_time": 0.049866437911987305, "passed": false}, "2": {"execution_time": 0.059842586517333984, "passed": false}, "3": {"execution_time": 0.04589962959289551, "passed": false}, "4": {"execution_time": 0.0568387508392334, "passed": false}, "5": {"execution_time": 0.04787087440490723, "passed": false}, "6": {"execution_time": 0.05684685707092285, "passed": false}, "7": {"execution_time": 0.04886960983276367, "passed": false}, "8": {"execution_time": 0.056848764419555664, "passed": false}, "9": {"execution_time": 0.052857398986816406, "passed": false}, "10": {"execution_time": 0.07498908042907715, "passed": false}, "11": {"execution_time": 0.047876834869384766, "passed": false}, "12": {"execution_time": 0.055841922760009766, "passed": false}}}, "pylint_score": "-5/10"}