{"version": "1", "message": "ERROR: Hidden Testcases server unreachable.", "problem_id": "m19_a1", "user_id": "madhavimvh", "score": {"sample": {"0": {"execution_time": 0.15975689888000488, "passed": false}, "1": {"execution_time": 0.05784416198730469, "passed": false}, "2": {"execution_time": 0.05884146690368652, "passed": false}, "3": {"execution_time": 0.05684852600097656, "passed": false}, "4": {"execution_time": 0.05884361267089844, "passed": false}, "5": {"execution_time": 0.06283974647521973, "passed": false}, "6": {"execution_time": 0.07579565048217773, "passed": false}, "7": {"execution_time": 0.10873889923095703, "passed": false}, "8": {"execution_time": 0.0947878360748291, "passed": false}, "9": {"execution_time": 0.08477306365966797, "passed": false}, "10": {"execution_time": 0.07480144500732422, "passed": false}, "11": {"execution_time": 0.07479715347290039, "passed": false}, "12": {"execution_time": 0.07579612731933594, "passed": false}}}, "pylint_score": "-2/10"}