{"version": "1", "message": "ERROR: Hidden Testcases server unreachable.", "problem_id": "m19_a1", "user_id": "madhavimvh", "score": {"sample": {"0": {"execution_time": 0.07679390907287598, "passed": false}, "1": {"execution_time": 0.06781888008117676, "passed": false}, "2": {"execution_time": 0.05186033248901367, "passed": false}, "3": {"execution_time": 0.0658254623413086, "passed": false}, "4": {"execution_time": 0.05285930633544922, "passed": false}, "5": {"execution_time": 0.05485033988952637, "passed": false}, "6": {"execution_time": 0.05984067916870117, "passed": false}, "7": {"execution_time": 0.055860042572021484, "passed": false}, "8": {"execution_time": 0.06482529640197754, "passed": false}, "9": {"execution_time": 0.057845354080200195, "passed": false}, "10": {"execution_time": 0.06283068656921387, "passed": false}, "11": {"execution_time": 0.06383156776428223, "passed": false}, "12": {"execution_time": 0.07081174850463867, "passed": false}}}, "pylint_score": "-2/10"}