{"version": "1", "message": "ERROR: Hidden Testcases server unreachable.", "problem_id": "m19_a1", "user_id": "madhavimvh", "score": {"sample": {"0": {"execution_time": 0.08977723121643066, "passed": true}, "1": {"execution_time": 0.06682014465332031, "passed": true}, "2": {"execution_time": 0.05585026741027832, "passed": true}, "3": {"execution_time": 0.057842254638671875, "passed": true}, "4": {"execution_time": 0.05485367774963379, "passed": true}, "5": {"execution_time": 0.05984330177307129, "passed": true}, "6": {"execution_time": 0.050861358642578125, "passed": false}, "7": {"execution_time": 0.05585074424743652, "passed": false}, "8": {"execution_time": 0.06781935691833496, "passed": false}, "9": {"execution_time": 0.052858829498291016, "passed": false}, "10": {"execution_time": 0.08477354049682617, "passed": false}, "11": {"execution_time": 0.054852962493896484, "passed": false}, "12": {"execution_time": 0.06981921195983887, "passed": false}}}, "pylint_score": "-2/10"}