{"version": "1", "message": "ERROR: Hidden Testcases server unreachable.", "problem_id": "m19_a1", "user_id": "madhavimvh", "score": {"sample": {"0": {"execution_time": 0.091888427734375, "passed": false}, "1": {"execution_time": 0.047872304916381836, "passed": false}, "2": {"execution_time": 0.05386018753051758, "passed": false}, "3": {"execution_time": 0.05187368392944336, "passed": false}, "4": {"execution_time": 0.049868106842041016, "passed": false}, "5": {"execution_time": 0.04886150360107422, "passed": true}, "6": {"execution_time": 0.0498654842376709, "passed": true}, "7": {"execution_time": 0.045877695083618164, "passed": true}, "8": {"execution_time": 0.05086469650268555, "passed": true}, "9": {"execution_time": 0.047872066497802734, "passed": false}, "10": {"execution_time": 0.047869205474853516, "passed": false}, "11": {"execution_time": 0.049834251403808594, "passed": false}, "12": {"execution_time": 0.04886817932128906, "passed": true}}}, "pylint_score": "-4/10"}