{"version": "1", "message": "ERROR: Hidden Testcases server unreachable.", "problem_id": "m19_a1", "user_id": "madhavimvh", "score": {"sample": {"0": {"execution_time": 0.12413477897644043, "passed": false}, "1": {"execution_time": 0.058843135833740234, "passed": false}, "2": {"execution_time": 0.05086326599121094, "passed": false}, "3": {"execution_time": 0.05684661865234375, "passed": false}, "4": {"execution_time": 0.06781816482543945, "passed": false}, "5": {"execution_time": 0.05584979057312012, "passed": false}, "6": {"execution_time": 0.06779789924621582, "passed": false}, "7": {"execution_time": 0.05986309051513672, "passed": false}, "8": {"execution_time": 0.0638282299041748, "passed": false}, "9": {"execution_time": 0.056847333908081055, "passed": false}, "10": {"execution_time": 0.061833858489990234, "passed": false}, "11": {"execution_time": 0.060837507247924805, "passed": false}, "12": {"execution_time": 0.051857948303222656, "passed": false}}}, "pylint_score": "0/0"}