{"version": "1", "message": "ERROR: Hidden Testcases server unreachable.", "problem_id": "m19_a1", "user_id": "madhavimvh", "score": {"sample": {"0": {"execution_time": 0.12067818641662598, "passed": false}, "1": {"execution_time": 0.0468745231628418, "passed": false}, "2": {"execution_time": 0.06183505058288574, "passed": false}, "3": {"execution_time": 0.05785989761352539, "passed": false}, "4": {"execution_time": 0.05286407470703125, "passed": false}, "5": {"execution_time": 0.05285930633544922, "passed": false}, "6": {"execution_time": 0.056845903396606445, "passed": false}, "7": {"execution_time": 0.05884742736816406, "passed": false}, "8": {"execution_time": 0.05983853340148926, "passed": false}, "9": {"execution_time": 0.0828700065612793, "passed": false}, "10": {"execution_time": 0.06183886528015137, "passed": false}, "11": {"execution_time": 0.05879855155944824, "passed": false}, "12": {"execution_time": 0.06785750389099121, "passed": false}}}, "pylint_score": "-2/10"}