{"version": "1", "message": "ERROR: Hidden Testcases server unreachable.", "problem_id": "m19_a1", "user_id": "madhavimvh", "score": {"sample": {"0": {"execution_time": 0.10671377182006836, "passed": false}, "1": {"execution_time": 0.06283116340637207, "passed": false}, "2": {"execution_time": 0.05485391616821289, "passed": false}, "3": {"execution_time": 0.06183433532714844, "passed": false}, "4": {"execution_time": 0.07579612731933594, "passed": false}, "5": {"execution_time": 0.0658102035522461, "passed": false}, "6": {"execution_time": 0.07679247856140137, "passed": false}, "7": {"execution_time": 0.059841156005859375, "passed": false}, "8": {"execution_time": 0.07878875732421875, "passed": false}, "9": {"execution_time": 0.09175515174865723, "passed": false}, "10": {"execution_time": 0.0747992992401123, "passed": false}, "11": {"execution_time": 0.060840606689453125, "passed": false}, "12": {"execution_time": 0.13763093948364258, "passed": false}}}, "pylint_score": "-2/10"}