{"version": "1", "message": "ERROR: Hidden Testcases server unreachable.", "problem_id": "m19_a1", "user_id": "madhavimvh", "score": {"sample": {"0": {"execution_time": 0.0848078727722168, "passed": false}, "1": {"execution_time": 0.06083869934082031, "passed": false}, "2": {"execution_time": 0.053856611251831055, "passed": false}, "3": {"execution_time": 0.06781578063964844, "passed": false}, "4": {"execution_time": 0.053858041763305664, "passed": false}, "5": {"execution_time": 0.05485343933105469, "passed": false}, "6": {"execution_time": 0.0608363151550293, "passed": false}, "7": {"execution_time": 0.05285930633544922, "passed": false}, "8": {"execution_time": 0.06283187866210938, "passed": false}, "9": {"execution_time": 0.0958864688873291, "passed": false}, "10": {"execution_time": 0.06382918357849121, "passed": false}, "11": {"execution_time": 0.06981253623962402, "passed": false}, "12": {"execution_time": 0.06781888008117676, "passed": false}}}, "pylint_score": "-2/10"}