{"version": "1", "message": "ERROR: Hidden Testcases server unreachable.", "problem_id": "m19_a1", "user_id": "madhavimvh", "score": {"sample": {"0": {"execution_time": 0.07680368423461914, "passed": false}, "1": {"execution_time": 0.05983686447143555, "passed": false}, "2": {"execution_time": 0.06283211708068848, "passed": false}, "3": {"execution_time": 0.05086469650268555, "passed": false}, "4": {"execution_time": 0.06583738327026367, "passed": false}, "5": {"execution_time": 0.0528566837310791, "passed": false}, "6": {"execution_time": 0.055850982666015625, "passed": false}, "7": {"execution_time": 0.05186033248901367, "passed": false}, "8": {"execution_time": 0.06882596015930176, "passed": false}, "9": {"execution_time": 0.04986453056335449, "passed": false}, "10": {"execution_time": 0.08976054191589355, "passed": false}, "11": {"execution_time": 0.07679414749145508, "passed": false}, "12": {"execution_time": 0.09579730033874512, "passed": false}}}, "pylint_score": "-4/10"}