{"version": "1", "message": "ERROR: Hidden Testcases server unreachable.", "problem_id": "m19_a1", "user_id": "madhavimvh", "score": {"sample": {"0": {"execution_time": 0.0799250602722168, "passed": true}, "1": {"execution_time": 0.04886221885681152, "passed": true}, "2": {"execution_time": 0.05185866355895996, "passed": true}, "3": {"execution_time": 0.04986429214477539, "passed": true}, "4": {"execution_time": 0.05086207389831543, "passed": true}, "5": {"execution_time": 0.04886674880981445, "passed": true}, "6": {"execution_time": 0.04987144470214844, "passed": false}, "7": {"execution_time": 0.04687333106994629, "passed": false}, "8": {"execution_time": 0.05086469650268555, "passed": false}, "9": {"execution_time": 0.0468754768371582, "passed": false}, "10": {"execution_time": 0.04784131050109863, "passed": false}, "11": {"execution_time": 0.05586409568786621, "passed": false}, "12": {"execution_time": 0.07296299934387207, "passed": false}}}, "pylint_score": "-2/10"}