{"version": "1", "message": "ERROR: Hidden Testcases server unreachable.", "problem_id": "m19_a1", "user_id": "madhavimvh", "score": {"sample": {"0": {"execution_time": 0.07480120658874512, "passed": false}, "1": {"execution_time": 0.046875, "passed": false}, "2": {"execution_time": 0.04587578773498535, "passed": false}, "3": {"execution_time": 0.04388165473937988, "passed": false}, "4": {"execution_time": 0.04489588737487793, "passed": false}, "5": {"execution_time": 0.044879913330078125, "passed": true}, "6": {"execution_time": 0.045876264572143555, "passed": true}, "7": {"execution_time": 0.04488039016723633, "passed": true}, "8": {"execution_time": 0.04687952995300293, "passed": true}, "9": {"execution_time": 0.04686880111694336, "passed": false}, "10": {"execution_time": 0.05086350440979004, "passed": false}, "11": {"execution_time": 0.0680537223815918, "passed": false}, "12": {"execution_time": 0.047873497009277344, "passed": true}}}, "pylint_score": "-2/10"}