{"version": "1", "message": "ERROR: Hidden Testcases server unreachable.", "problem_id": "m19_a1", "user_id": "madhavimvh", "score": {"sample": {"0": {"execution_time": 0.13897967338562012, "passed": false}, "1": {"execution_time": 0.04986691474914551, "passed": false}, "2": {"execution_time": 0.05585074424743652, "passed": false}, "3": {"execution_time": 0.050864458084106445, "passed": false}, "4": {"execution_time": 0.056847572326660156, "passed": false}, "5": {"execution_time": 0.05086398124694824, "passed": false}, "6": {"execution_time": 0.05884361267089844, "passed": false}, "7": {"execution_time": 0.06183576583862305, "passed": false}, "8": {"execution_time": 0.05485272407531738, "passed": false}, "9": {"execution_time": 0.1421048641204834, "passed": false}, "10": {"execution_time": 0.06283259391784668, "passed": false}, "11": {"execution_time": 0.05086255073547363, "passed": false}, "12": {"execution_time": 0.08082008361816406, "passed": false}}}, "pylint_score": "-30/10"}