{"version": "1", "message": "ERROR: Hidden Testcases server unreachable.", "problem_id": "m19_a1", "user_id": "madhavimvh", "score": {"sample": {"0": {"execution_time": 0.08119082450866699, "passed": false}, "1": {"execution_time": 0.04487347602844238, "passed": false}, "2": {"execution_time": 0.043883562088012695, "passed": false}, "3": {"execution_time": 0.04487895965576172, "passed": false}, "4": {"execution_time": 0.043891191482543945, "passed": false}, "5": {"execution_time": 0.044879913330078125, "passed": false}, "6": {"execution_time": 0.04488229751586914, "passed": false}, "7": {"execution_time": 0.04487776756286621, "passed": false}, "8": {"execution_time": 0.04587745666503906, "passed": false}, "9": {"execution_time": 0.047884225845336914, "passed": false}, "10": {"execution_time": 0.0448610782623291, "passed": false}, "11": {"execution_time": 0.04388284683227539, "passed": false}, "12": {"execution_time": 0.04288673400878906, "passed": false}}}, "pylint_score": "-2/10"}