{"version": "1", "message": "ERROR: Hidden Testcases server unreachable.", "problem_id": "m19_a1", "user_id": "madhavimvh", "score": {"sample": {"0": {"execution_time": 0.08990073204040527, "passed": true}, "1": {"execution_time": 0.04986000061035156, "passed": true}, "2": {"execution_time": 0.04584240913391113, "passed": true}, "3": {"execution_time": 0.0468440055847168, "passed": true}, "4": {"execution_time": 0.04883742332458496, "passed": true}, "5": {"execution_time": 0.04487752914428711, "passed": true}, "6": {"execution_time": 0.04488205909729004, "passed": true}, "7": {"execution_time": 0.04486680030822754, "passed": true}, "8": {"execution_time": 0.044878482818603516, "passed": false}, "9": {"execution_time": 0.04488039016723633, "passed": false}, "10": {"execution_time": 0.04786992073059082, "passed": false}, "11": {"execution_time": 0.05186295509338379, "passed": false}, "12": {"execution_time": 0.06183505058288574, "passed": true}}}, "pylint_score": "-2/10"}