{"version": "1", "message": "ERROR: Hidden Testcases server unreachable.", "problem_id": "final_exam_a1_1", "user_id": "madhavimvh", "score": {"sample": {"0": {"execution_time": 0.04787302017211914, "passed": false}, "1": {"execution_time": 0.0498654842376709, "passed": false}, "2": {"execution_time": 0.0478823184967041, "passed": false}, "3": {"execution_time": 0.052819013595581055, "passed": false}, "4": {"execution_time": 0.04787158966064453, "passed": false}, "5": {"execution_time": 0.0528566837310791, "passed": false}, "6": {"execution_time": 0.04688072204589844, "passed": false}, "7": {"execution_time": 0.05095505714416504, "passed": false}, "8": {"execution_time": 0.04483914375305176, "passed": false}, "9": {"execution_time": 0.046888113021850586, "passed": false}, "10": {"execution_time": 0.049841880798339844, "passed": false}, "11": {"execution_time": 0.04288530349731445, "passed": false}, "12": {"execution_time": 0.05684018135070801, "passed": false}, "13": {"execution_time": 0.04587864875793457, "passed": false}}}, "pylint_score": "-3/10"}