{"version": "1", "message": "ERROR: Hidden Testcases server unreachable.", "problem_id": "final_exam_a1_1", "user_id": "madhavimvh", "score": {"sample": {"0": {"execution_time": 0.050866127014160156, "passed": true}, "1": {"execution_time": 0.046617984771728516, "passed": true}, "2": {"execution_time": 0.05185890197753906, "passed": true}, "3": {"execution_time": 0.047869205474853516, "passed": true}, "4": {"execution_time": 0.05586743354797363, "passed": true}, "5": {"execution_time": 0.043881893157958984, "passed": true}, "6": {"execution_time": 0.05186200141906738, "passed": false}, "7": {"execution_time": 0.04487776756286621, "passed": false}, "8": {"execution_time": 0.05285763740539551, "passed": false}, "9": {"execution_time": 0.053856849670410156, "passed": false}, "10": {"execution_time": 0.04587697982788086, "passed": false}, "11": {"execution_time": 0.05983924865722656, "passed": false}, "12": {"execution_time": 0.06682038307189941, "passed": false}, "13": {"execution_time": 0.04886960983276367, "passed": false}}}, "pylint_score": "-3/10"}