{"version": "1", "message": "ERROR: Hidden Testcases server unreachable.", "problem_id": "final_exam_a1_1", "user_id": "madhavimvh", "score": {"sample": {"0": {"execution_time": 0.4686241149902344, "passed": true}, "1": {"execution_time": 0.03120589256286621, "passed": true}, "2": {"execution_time": 0.042514801025390625, "passed": true}, "3": {"execution_time": 0.04677271842956543, "passed": true}, "4": {"execution_time": 0.04686331748962402, "passed": true}, "5": {"execution_time": 0.031182289123535156, "passed": true}, "6": {"execution_time": 0.06244659423828125, "passed": true}, "7": {"execution_time": 0.04686236381530762, "passed": true}, "8": {"execution_time": 0.06248617172241211, "passed": true}, "9": {"execution_time": 0.046855926513671875, "passed": true}, "10": {"execution_time": 0.09372806549072266, "passed": false}, "11": {"execution_time": 0.046900033950805664, "passed": false}, "12": {"execution_time": 0.04686546325683594, "passed": false}, "13": {"execution_time": 0.046794891357421875, "passed": false}}}, "pylint_score": "-2/10"}