{"version": "1", "message": "ERROR: Hidden Testcases server unreachable.", "problem_id": "final_exam_a1_1", "user_id": "madhavimvh", "score": {"sample": {"0": {"execution_time": 0.06183981895446777, "passed": true}, "1": {"execution_time": 0.05586051940917969, "passed": true}, "2": {"execution_time": 0.048858642578125, "passed": true}, "3": {"execution_time": 0.05485367774963379, "passed": true}, "4": {"execution_time": 0.051889896392822266, "passed": true}, "5": {"execution_time": 0.054851531982421875, "passed": true}, "6": {"execution_time": 0.05183720588684082, "passed": true}, "7": {"execution_time": 0.05385565757751465, "passed": true}, "8": {"execution_time": 0.048535823822021484, "passed": false}, "9": {"execution_time": 0.05385613441467285, "passed": false}, "10": {"execution_time": 0.050864219665527344, "passed": false}, "11": {"execution_time": 0.05485248565673828, "passed": false}, "12": {"execution_time": 0.04952836036682129, "passed": false}, "13": {"execution_time": 0.05884718894958496, "passed": false}}}, "pylint_score": "-2/10"}