{"version": "1", "message": "ERROR: Hidden Testcases server unreachable.", "problem_id": "final_exam_a1_1", "user_id": "madhavimvh", "score": {"sample": {"0": {"execution_time": 0.06112527847290039, "passed": true}, "1": {"execution_time": 0.05186033248901367, "passed": true}, "2": {"execution_time": 0.05985140800476074, "passed": true}, "3": {"execution_time": 0.04873347282409668, "passed": true}, "4": {"execution_time": 0.05186057090759277, "passed": true}, "5": {"execution_time": 0.0498659610748291, "passed": true}, "6": {"execution_time": 0.05884289741516113, "passed": true}, "7": {"execution_time": 0.046872854232788086, "passed": true}, "8": {"execution_time": 0.057843685150146484, "passed": false}, "9": {"execution_time": 0.048870086669921875, "passed": false}, "10": {"execution_time": 0.05485200881958008, "passed": false}, "11": {"execution_time": 0.04886984825134277, "passed": false}, "12": {"execution_time": 0.047872066497802734, "passed": false}, "13": {"execution_time": 0.07679414749145508, "passed": false}}}, "pylint_score": "-2/10"}