{"version": "1", "message": "ERROR: Hidden Testcases server unreachable.", "problem_id": "final_exam_a1_1", "user_id": "madhavimvh", "score": {"sample": {"0": {"execution_time": 0.04986381530761719, "passed": true}, "1": {"execution_time": 0.06278157234191895, "passed": true}, "2": {"execution_time": 0.04784393310546875, "passed": true}, "3": {"execution_time": 0.05092763900756836, "passed": true}, "4": {"execution_time": 0.050863027572631836, "passed": true}, "5": {"execution_time": 0.05186176300048828, "passed": true}, "6": {"execution_time": 0.051064491271972656, "passed": true}, "7": {"execution_time": 0.05879926681518555, "passed": true}, "8": {"execution_time": 0.0498659610748291, "passed": false}, "9": {"execution_time": 0.05285811424255371, "passed": true}, "10": {"execution_time": 0.05186128616333008, "passed": false}, "11": {"execution_time": 0.05391979217529297, "passed": false}, "12": {"execution_time": 0.04886889457702637, "passed": false}, "13": {"execution_time": 0.048868656158447266, "passed": false}}}, "pylint_score": "-2/10"}