{"version": "1", "message": "ERROR: Hidden Testcases server unreachable.", "problem_id": "final_exam_a1_1", "user_id": "madhavimvh", "score": {"sample": {"0": {"execution_time": 0.05083036422729492, "passed": true}, "1": {"execution_time": 0.05684518814086914, "passed": true}, "2": {"execution_time": 0.05280804634094238, "passed": true}, "3": {"execution_time": 0.052857160568237305, "passed": true}, "4": {"execution_time": 0.05485105514526367, "passed": true}, "5": {"execution_time": 0.05485081672668457, "passed": true}, "6": {"execution_time": 0.04998493194580078, "passed": true}, "7": {"execution_time": 0.06582260131835938, "passed": true}, "8": {"execution_time": 0.05385327339172363, "passed": false}, "9": {"execution_time": 0.055846452713012695, "passed": true}, "10": {"execution_time": 0.0578465461730957, "passed": false}, "11": {"execution_time": 0.05485272407531738, "passed": false}, "12": {"execution_time": 0.0538632869720459, "passed": false}, "13": {"execution_time": 0.048859357833862305, "passed": false}}}, "pylint_score": "-2/10"}