{"version": "1", "message": "ERROR: Hidden Testcases server unreachable.", "problem_id": "final_exam_a1_1", "user_id": "madhavimvh", "score": {"sample": {"0": {"execution_time": 0.0578465461730957, "passed": true}, "1": {"execution_time": 0.0471491813659668, "passed": true}, "2": {"execution_time": 0.053854942321777344, "passed": true}, "3": {"execution_time": 0.05086708068847656, "passed": true}, "4": {"execution_time": 0.05285835266113281, "passed": true}, "5": {"execution_time": 0.049866437911987305, "passed": true}, "6": {"execution_time": 0.050863027572631836, "passed": false}, "7": {"execution_time": 0.04888010025024414, "passed": false}, "8": {"execution_time": 0.05932879447937012, "passed": false}, "9": {"execution_time": 0.04936623573303223, "passed": false}, "10": {"execution_time": 0.04952549934387207, "passed": false}, "11": {"execution_time": 0.05186128616333008, "passed": false}, "12": {"execution_time": 0.049868106842041016, "passed": false}, "13": {"execution_time": 0.05086231231689453, "passed": false}}}, "pylint_score": "-2/10"}