{"version": "1", "message": "ERROR: Hidden Testcases server unreachable.", "problem_id": "final_exam_a1_1", "user_id": "madhavimvh", "score": {"sample": {"0": {"execution_time": 0.05780768394470215, "passed": true}, "1": {"execution_time": 0.0507960319519043, "passed": true}, "2": {"execution_time": 0.055091142654418945, "passed": true}, "3": {"execution_time": 0.04887795448303223, "passed": true}, "4": {"execution_time": 0.058975934982299805, "passed": true}, "5": {"execution_time": 0.05585050582885742, "passed": true}, "6": {"execution_time": 0.05884099006652832, "passed": true}, "7": {"execution_time": 0.07098102569580078, "passed": true}, "8": {"execution_time": 0.04787087440490723, "passed": true}, "9": {"execution_time": 0.04878497123718262, "passed": true}, "10": {"execution_time": 0.05485367774963379, "passed": false}, "11": {"execution_time": 0.05309247970581055, "passed": false}, "12": {"execution_time": 0.05465078353881836, "passed": false}, "13": {"execution_time": 0.0498652458190918, "passed": false}}}, "pylint_score": "-2/10"}