{"version": "1", "message": "ERROR: Hidden Testcases server unreachable.", "problem_id": "final_exam_a1_1", "user_id": "madhavimvh", "score": {"sample": {"0": {"execution_time": 0.06582140922546387, "passed": true}, "1": {"execution_time": 0.06381106376647949, "passed": true}, "2": {"execution_time": 0.05685114860534668, "passed": true}, "3": {"execution_time": 0.053856849670410156, "passed": true}, "4": {"execution_time": 0.05485415458679199, "passed": true}, "5": {"execution_time": 0.04787325859069824, "passed": true}, "6": {"execution_time": 0.05385422706604004, "passed": true}, "7": {"execution_time": 0.046874284744262695, "passed": true}, "8": {"execution_time": 0.05684638023376465, "passed": true}, "9": {"execution_time": 0.048882246017456055, "passed": true}, "10": {"execution_time": 0.053826093673706055, "passed": false}, "11": {"execution_time": 0.048866987228393555, "passed": false}, "12": {"execution_time": 0.05279350280761719, "passed": false}, "13": {"execution_time": 0.049867868423461914, "passed": false}}}, "pylint_score": "-2/10"}