{"version": "1", "message": "ERROR: Hidden Testcases server unreachable.", "problem_id": "final_exam_a1_1", "user_id": "madhavimvh", "score": {"sample": {"0": {"execution_time": 0.07779073715209961, "passed": true}, "1": {"execution_time": 0.05285930633544922, "passed": true}, "2": {"execution_time": 0.11369633674621582, "passed": true}, "3": {"execution_time": 0.0927431583404541, "passed": true}, "4": {"execution_time": 0.07380080223083496, "passed": true}, "5": {"execution_time": 0.06382894515991211, "passed": true}, "6": {"execution_time": 0.0628347396850586, "passed": true}, "7": {"execution_time": 0.05485081672668457, "passed": true}, "8": {"execution_time": 0.06182980537414551, "passed": false}, "9": {"execution_time": 0.05884385108947754, "passed": false}, "10": {"execution_time": 0.048868417739868164, "passed": false}, "11": {"execution_time": 0.05485200881958008, "passed": false}, "12": {"execution_time": 0.04786205291748047, "passed": false}, "13": {"execution_time": 0.04887127876281738, "passed": false}}}, "pylint_score": "-4/10"}