{"version": "1", "message": "ERROR: Hidden Testcases server unreachable.", "problem_id": "final_exam_a1_1", "user_id": "madhavimvh", "score": {"sample": {"0": {"execution_time": 0.09172177314758301, "passed": false}, "1": {"execution_time": 0.05784440040588379, "passed": false}, "2": {"execution_time": 0.05186104774475098, "passed": false}, "3": {"execution_time": 0.048867225646972656, "passed": false}, "4": {"execution_time": 0.05186200141906738, "passed": false}, "5": {"execution_time": 0.045874834060668945, "passed": false}, "6": {"execution_time": 0.04687333106994629, "passed": false}, "7": {"execution_time": 0.05255484580993652, "passed": false}, "8": {"execution_time": 0.04687190055847168, "passed": false}, "9": {"execution_time": 0.05185985565185547, "passed": false}, "10": {"execution_time": 0.04882311820983887, "passed": false}, "11": {"execution_time": 0.058841705322265625, "passed": false}, "12": {"execution_time": 0.04886913299560547, "passed": false}, "13": {"execution_time": 0.049866437911987305, "passed": false}}}, "pylint_score": "0/0"}