{"version": "1", "message": "ERROR: Hidden Testcases server unreachable.", "problem_id": "final_exam_a1_1", "user_id": "madhavimvh", "score": {"sample": {"0": {"execution_time": 0.047451019287109375, "passed": true}, "1": {"execution_time": 0.05186128616333008, "passed": false}, "2": {"execution_time": 0.046877145767211914, "passed": false}, "3": {"execution_time": 0.05784440040588379, "passed": false}, "4": {"execution_time": 0.046875, "passed": false}, "5": {"execution_time": 0.047872304916381836, "passed": false}, "6": {"execution_time": 0.052860260009765625, "passed": false}, "7": {"execution_time": 0.04588150978088379, "passed": false}, "8": {"execution_time": 0.05086112022399902, "passed": false}, "9": {"execution_time": 0.0468747615814209, "passed": false}, "10": {"execution_time": 0.04986715316772461, "passed": false}, "11": {"execution_time": 0.046874284744262695, "passed": false}, "12": {"execution_time": 0.05884289741516113, "passed": false}, "13": {"execution_time": 0.04986715316772461, "passed": false}}}, "pylint_score": "-2/10"}