{"version": "1", "message": "ERROR: Hidden Testcases server unreachable.", "problem_id": "final_exam_a1_1", "user_id": "madhavimvh", "score": {"sample": {"0": {"execution_time": 0.0468747615814209, "passed": true}, "1": {"execution_time": 0.05385589599609375, "passed": true}, "2": {"execution_time": 0.04587674140930176, "passed": true}, "3": {"execution_time": 0.05485272407531738, "passed": false}, "4": {"execution_time": 0.048126935958862305, "passed": false}, "5": {"execution_time": 0.055849552154541016, "passed": false}, "6": {"execution_time": 0.04556918144226074, "passed": false}, "7": {"execution_time": 0.052860260009765625, "passed": false}, "8": {"execution_time": 0.04787755012512207, "passed": false}, "9": {"execution_time": 0.05086064338684082, "passed": false}, "10": {"execution_time": 0.04683208465576172, "passed": false}, "11": {"execution_time": 0.05385637283325195, "passed": false}, "12": {"execution_time": 0.049868106842041016, "passed": false}, "13": {"execution_time": 0.05385613441467285, "passed": false}}}, "pylint_score": "-2/10"}