{"version": "1", "message": "ERROR: Hidden Testcases server unreachable.", "problem_id": "final_exam_a1_1", "user_id": "madhavimvh", "score": {"sample": {"0": {"execution_time": 0.060584306716918945, "passed": true}, "1": {"execution_time": 0.05186176300048828, "passed": true}, "2": {"execution_time": 0.05785322189331055, "passed": true}, "3": {"execution_time": 0.05285763740539551, "passed": true}, "4": {"execution_time": 0.05446457862854004, "passed": true}, "5": {"execution_time": 0.052870988845825195, "passed": true}, "6": {"execution_time": 0.05781435966491699, "passed": true}, "7": {"execution_time": 0.04886770248413086, "passed": true}, "8": {"execution_time": 0.053855180740356445, "passed": true}, "9": {"execution_time": 0.04786396026611328, "passed": true}, "10": {"execution_time": 0.0528559684753418, "passed": false}, "11": {"execution_time": 0.05178713798522949, "passed": false}, "12": {"execution_time": 0.04685616493225098, "passed": false}, "13": {"execution_time": 0.05684494972229004, "passed": false}}}, "pylint_score": "-2/10"}