{"version": "1", "message": "ERROR: Hidden Testcases server unreachable.", "problem_id": "final_exam_a1_1", "user_id": "madhavimvh", "score": {"sample": {"0": {"execution_time": 0.0578460693359375, "passed": true}, "1": {"execution_time": 0.05482125282287598, "passed": true}, "2": {"execution_time": 0.05186319351196289, "passed": true}, "3": {"execution_time": 0.05671501159667969, "passed": true}, "4": {"execution_time": 0.05984163284301758, "passed": true}, "5": {"execution_time": 0.05292797088623047, "passed": true}, "6": {"execution_time": 0.04840350151062012, "passed": true}, "7": {"execution_time": 0.04973173141479492, "passed": true}, "8": {"execution_time": 0.06283140182495117, "passed": false}, "9": {"execution_time": 0.05186128616333008, "passed": true}, "10": {"execution_time": 0.04817938804626465, "passed": false}, "11": {"execution_time": 0.05086779594421387, "passed": false}, "12": {"execution_time": 0.054854631423950195, "passed": false}, "13": {"execution_time": 0.04850649833679199, "passed": false}}}, "pylint_score": "-2/10"}