{"version": "1", "message": "ERROR: Hidden Testcases server unreachable.", "problem_id": "final_exam_a1_1", "user_id": "madhavimvh", "score": {"sample": {"0": {"execution_time": 0.05385589599609375, "passed": true}, "1": {"execution_time": 0.04995393753051758, "passed": true}, "2": {"execution_time": 0.061835527420043945, "passed": true}, "3": {"execution_time": 0.04986739158630371, "passed": true}, "4": {"execution_time": 0.05384564399719238, "passed": true}, "5": {"execution_time": 0.047872066497802734, "passed": true}, "6": {"execution_time": 0.05585885047912598, "passed": true}, "7": {"execution_time": 0.050862789154052734, "passed": true}, "8": {"execution_time": 0.05293893814086914, "passed": false}, "9": {"execution_time": 0.04587745666503906, "passed": true}, "10": {"execution_time": 0.050653696060180664, "passed": false}, "11": {"execution_time": 0.04787182807922363, "passed": false}, "12": {"execution_time": 0.0498661994934082, "passed": false}, "13": {"execution_time": 0.04887056350708008, "passed": false}}}, "pylint_score": "-2/10"}