{"version": "1", "message": "ERROR: Hidden Testcases server unreachable.", "problem_id": "final_exam_a1_1", "user_id": "madhavimvh", "score": {"sample": {"0": {"execution_time": 0.05082583427429199, "passed": true}, "1": {"execution_time": 0.04754900932312012, "passed": true}, "2": {"execution_time": 0.057843923568725586, "passed": true}, "3": {"execution_time": 0.05285811424255371, "passed": true}, "4": {"execution_time": 0.05186152458190918, "passed": true}, "5": {"execution_time": 0.08277702331542969, "passed": true}, "6": {"execution_time": 0.06283187866210938, "passed": true}, "7": {"execution_time": 0.06283092498779297, "passed": true}, "8": {"execution_time": 0.05185985565185547, "passed": true}, "9": {"execution_time": 0.04787182807922363, "passed": true}, "10": {"execution_time": 0.056849002838134766, "passed": false}, "11": {"execution_time": 0.05285787582397461, "passed": true}, "12": {"execution_time": 0.05581164360046387, "passed": true}, "13": {"execution_time": 0.05185985565185547, "passed": true}}}, "pylint_score": "-2/10"}