{"version": "1", "message": "ERROR: Hidden Testcases server unreachable.", "problem_id": "final_exam_a1_1", "user_id": "madhavimvh", "score": {"sample": {"0": {"execution_time": 0.05282473564147949, "passed": false}, "1": {"execution_time": 0.05485248565673828, "passed": false}, "2": {"execution_time": 0.05087137222290039, "passed": false}, "3": {"execution_time": 0.051862239837646484, "passed": false}, "4": {"execution_time": 0.045876264572143555, "passed": false}, "5": {"execution_time": 0.05585026741027832, "passed": false}, "6": {"execution_time": 0.04488086700439453, "passed": false}, "7": {"execution_time": 0.05186128616333008, "passed": false}, "8": {"execution_time": 0.04787325859069824, "passed": false}, "9": {"execution_time": 0.051859140396118164, "passed": false}, "10": {"execution_time": 0.04788517951965332, "passed": false}, "11": {"execution_time": 0.05186128616333008, "passed": false}, "12": {"execution_time": 0.0458827018737793, "passed": false}, "13": {"execution_time": 0.049867868423461914, "passed": false}}}, "pylint_score": "-2/10"}