{"version": "1", "message": "ERROR: Hidden Testcases server unreachable.", "problem_id": "final_exam_a1_1", "user_id": "madhavimvh", "score": {"sample": {"0": {"execution_time": 0.05097246170043945, "passed": true}, "1": {"execution_time": 0.04880356788635254, "passed": true}, "2": {"execution_time": 0.059835195541381836, "passed": true}, "3": {"execution_time": 0.05332303047180176, "passed": true}, "4": {"execution_time": 0.05150580406188965, "passed": true}, "5": {"execution_time": 0.05717825889587402, "passed": true}, "6": {"execution_time": 0.04986691474914551, "passed": true}, "7": {"execution_time": 0.04886960983276367, "passed": true}, "8": {"execution_time": 0.05485248565673828, "passed": true}, "9": {"execution_time": 0.04886913299560547, "passed": true}, "10": {"execution_time": 0.054853200912475586, "passed": false}, "11": {"execution_time": 0.05484342575073242, "passed": false}, "12": {"execution_time": 0.04886794090270996, "passed": false}, "13": {"execution_time": 0.050650596618652344, "passed": false}}}, "pylint_score": "-2/10"}