{"version": "1", "message": "ERROR: Hidden Testcases server unreachable.", "problem_id": "final_exam_a1_1", "user_id": "madhavimvh", "score": {"sample": {"0": {"execution_time": 0.04985451698303223, "passed": true}, "1": {"execution_time": 0.04886770248413086, "passed": true}, "2": {"execution_time": 0.05086493492126465, "passed": true}, "3": {"execution_time": 0.05087757110595703, "passed": true}, "4": {"execution_time": 0.05586838722229004, "passed": true}, "5": {"execution_time": 0.047884225845336914, "passed": true}, "6": {"execution_time": 0.05489945411682129, "passed": true}, "7": {"execution_time": 0.04587697982788086, "passed": true}, "8": {"execution_time": 0.056855201721191406, "passed": false}, "9": {"execution_time": 0.049868106842041016, "passed": false}, "10": {"execution_time": 0.053861379623413086, "passed": false}, "11": {"execution_time": 0.04961061477661133, "passed": false}, "12": {"execution_time": 0.055857181549072266, "passed": false}, "13": {"execution_time": 0.04903602600097656, "passed": false}}}, "pylint_score": "-4/10"}